symbol,name,industry,asof_date,price_asof_date,financial_report_period,financial_announcement_date,momentum_20d,turnover_change,pe_percentile,pb_percentile,roe,gross_margin,revenue_growth_yoy,net_profit_growth_yoy,volatility_60d
000001,平安银行,unknown,20260520,2026-05-20,20260331,2026-04-25,-0.02157598499061919,-0.213753988461594,0.29799107142857145,0.026785714285714284,2.83,71.910876,0.04651576730250073,0.030292281498297324,0.16796519735539833
000002,万科A,unknown,20260520,2026-05-20,20260331,2026-04-30,-0.09090909090909083,0.015858936138184898,0.35044642857142855,0.2421875,-5.23,9.145383,-0.2386325595234685,-0.04707692893445348,0.30510768876366423
000063,中兴通讯,unknown,20260520,2026-05-20,20260331,2026-04-25,0.052363430512312625,-0.036241270184685925,0.9955307262569832,0.5401785714285714,1.72,28.276157,0.061266955583496374,-0.46581650206345093,0.37136072415227844
000100,TCL科技,unknown,20260520,2026-05-20,20260331,2026-04-30,-0.016587677725118377,0.00316259921009876,0.3754189944134078,0.11495535714285714,2.47,12.497483,0.08370838887481002,0.5371204827758869,0.3316094244468415
000157,中联重科,unknown,20260520,2026-05-20,20260331,2026-04-29,-0.10161090458488231,-0.22614264544804885,0.26004464285714285,0.46763392857142855,1.52,27.692633,0.06893642775503594,-0.3730209773081916,0.40223931659312806
000166,申万宏源,unknown,20260520,2026-05-20,20260331,2026-04-30,-0.05696202531645578,0.14071478150820882,0.005580357142857143,0.002232142857142857,2.08,55.146892,0.11717668563743366,0.1915405509848056,0.1893137194021926
000301,东方盛虹,unknown,20260520,2026-05-20,20260331,2026-04-29,0.04519309778142988,-0.07590721949601531,0.6975446428571429,0.5904017857142857,4.11,18.92074,0.05651817836630202,3.1986308476394143,0.4630777909285251
000333,美的集团,unknown,20260520,2026-05-20,20260331,2026-04-30,0.03623649078194524,0.13450818723146618,0.6659217877094972,0.44642857142857145,5.56,25.571131,0.0245463502194736,0.020312209568118744,0.2027519550083676
000338,潍柴动力,unknown,20260520,2026-05-20,20260331,2026-04-30,0.23056603773584894,-0.08475018448176952,0.9921875,0.9832402234636871,3.27,21.430759,0.08874102246648641,0.1383110155966265,0.601717967998822
000408,藏格矿业,unknown,20260520,2026-05-20,20260331,2026-04-18,-0.0582203889216264,0.06659142433473852,0.6796875,0.8816964285714286,9.24,64.231124,0.2960846818591527,1.1060445278939968,0.41821583305050547
000425,徐工机械,unknown,20260520,2026-05-20,20260331,2026-04-29,-0.04723618090452253,-0.06304637524341294,0.7410714285714286,0.8279329608938547,3.34,22.051513,0.09258451752040564,0.008623712165648945,0.5138995078482962
000538,云南白药,unknown,20260520,2026-05-20,20260331,2026-04-30,-0.054200037250884625,-0.24786077262894735,0.0033482142857142855,0.006696428571428571,4.96,30.633088,0.07022806744610377,0.05306797521732065,0.12960159782082237
000568,泸州老窖,unknown,20260520,2026-05-20,20260331,2026-04-29,-0.08893280632411071,0.11554137221025518,0.1553072625698324,0.0011173184357541898,7.32,85.817777,-0.1418913447396839,-0.19254786725465678,0.23188166084600292
000596,古井贡酒,unknown,20260520,2026-05-20,20260331,2026-04-29,-0.08765432098765435,0.026323500300160285,0.29017857142857145,0.002232142857142857,6.3,77.845659,-0.18590366393765745,-0.31030852803948017,0.3340243295695143
000617,中油资本,unknown,20260520,2026-05-20,20260331,2026-04-27,-0.08644610458911406,-0.07329360941786922,0.7946428571428571,0.7966480446927374,1.49,57.235599,-0.17237475127220558,0.22885308053498732,0.5700172091867003
000625,长安汽车,unknown,20260520,2026-05-20,20260331,2026-04-28,-0.15705765407554673,0.2512852899418203,0.7879464285714286,0.0011173184357541898,0.45,14.075789,-0.042568014085437755,-0.7408744866333075,0.15458127478794023
000630,铜陵有色,unknown,20260520,2026-05-20,20260331,2026-04-29,-0.07993730407523503,0.008707715552118911,0.8536312849162011,0.8861607142857143,3.59,7.576958,0.8359203757090372,0.1911712880053853,0.4880257802036145
000651,格力电器,unknown,20260520,2026-05-20,20260331,2026-04-29,0.0692828146143436,-0.21151326618467492,0.35044642857142855,0.022321428571428572,4.07,27.415781,0.0346152317074131,0.0300958796705475,0.18470181610545158
000657,中钨高新,unknown,20260520,2026-05-20,20260331,2026-04-27,-0.016749821810406185,-0.24741722674942024,0.9352678571428571,0.9598214285714286,9.03,30.450264,1.0647162841370146,2.64444359498522,0.7156923365485791
000708,中信特钢,unknown,20260520,2026-05-20,20260331,2026-04-23,-0.12692544670363526,-0.06112302935295577,0.4223463687150838,0.2435754189944134,3.41,14.432855,-0.012874585373229164,0.09227928901467153,0.3164930944681761
000725,京东方A,unknown,20260520,2026-05-20,20260331,2026-04-30,0.05764411027568905,0.12518267009996853,0.5910614525139665,0.4453125,1.26,15.595721,0.007951342047740173,0.057757578568586654,0.28609064569477416
000768,中航西飞,unknown,20260520,2026-05-20,20260331,2026-04-29,-0.07145773785218457,-0.055412027755961435,0.002232142857142857,0.0033519553072625698,1.31,8.755926,-0.1701947875549622,-0.14728210553666476,0.33514162523818936
000776,广发证券,unknown,20260520,2026-05-20,20260331,2026-04-28,-0.033814022874191885,-0.30917319082332617,0.0011173184357541898,0.5011160714285714,3.32,53.447282,0.64334766481177,0.707328073430963,0.29418183429467565
000792,盐湖股份,unknown,20260520,2026-05-20,20260331,2026-04-30,-0.13275270519926108,0.0019445619267526304,0.48156424581005586,0.5078125,6.54,68.722459,0.9489197680942416,1.5478404989642418,0.5031147302030442
000807,云铝股份,unknown,20260520,2026-05-20,20260331,2026-04-24,-0.16929460580912858,0.12229668923959736,0.5546875,0.8337053571428571,10.64,31.574311,0.13684089382401998,2.6945356353763987,0.5233364526951071
000858,五 粮 液,unknown,20260520,2026-05-20,20260331,2026-04-30,-0.16090712742980562,0.20019879237050708,0.7016759776536313,0.0011173184357541898,6.5,81.434385,0.33666963608642697,0.8256778567096432,0.17895675227650415
000895,双汇发展,unknown,20260520,2026-05-20,20260331,2026-04-29,-0.04851556842867488,-0.16732027764851198,0.421875,0.24441964285714285,5.87,19.702609,0.021205247103594838,0.1358983117353787,0.19390670221339
000938,紫光股份,unknown,20260520,2026-05-20,20260331,2026-04-29,0.16286644951140072,-0.08183457489090817,0.7756696428571429,0.9441964285714286,5.21,12.882941,0.346087720553208,1.2605586077008408,0.4809154848212331
000963,华东医药,unknown,20260520,2026-05-20,20260331,2026-04-24,-0.1396383041802549,0.09047046781341406,0.0011173184357541898,0.0011160714285714285,3.97,33.943073,0.04169819007485298,0.09563798075918295,0.29789390954806333
000975,山金国际,unknown,20260520,2026-05-20,20260331,2026-04-22,-0.19062286105407256,0.1871825133152467,0.012276785714285714,0.7821229050279329,8.93,40.667789,0.37408396013637835,1.0088845375910749,0.5770439988606769
000977,浪潮信息,unknown,20260520,2026-05-20,20260331,2026-04-30,0.04458131690863776,-0.050951912980299774,0.9329608938547486,0.9330357142857143,2.75,6.639155,-0.24303121992158794,0.30737077513122113,0.5036835742962011
000988,华工科技,unknown,20260520,2026-05-20,20260331,2026-04-27,0.40054940338226475,0.08714184133156988,1.0,1.0,5.61,19.811644,0.2713133155037202,0.5575870145748911,0.7071098462580527
000999,华润三九,unknown,20260520,2026-05-20,20260331,2026-04-25,-0.10145468108914579,-0.3333004266474421,0.002232142857142857,0.0625,4.74,57.679586,0.18620434210063697,-0.15291685979755898,0.18439583370631182
001391,国货航,unknown,20260520,2026-05-20,20260331,2026-04-29,-0.005671077504725952,0.7310835706754244,0.11439842209072978,0.01972386587771203,1.74,12.296577,0.007334671011539395,-0.18445836319182574,0.20192491524113998
001965,招商公路,unknown,20260520,2026-05-20,20260331,2026-04-25,0.08662280701754388,0.04797337942835611,0.9296875,0.3560267857142857,1.9,25.86803,0.2689608565721122,0.01496119031323384,0.27733752898522784
001979,招商蛇口,unknown,20260520,2026-05-20,20260331,2026-04-30,0.01016949152542379,0.01631378981254672,0.9933035714285714,0.17745535714285715,0.04,10.194059,0.1574341167011568,-0.9121797135754002,0.3379058924354922
002001,新和成,unknown,20260520,2026-05-20,20260331,2026-04-29,-0.1375886524822696,-0.21400093644246831,0.22569832402234638,0.6737430167597765,5.37,42.880977,0.15719507713911263,-0.028023996444861532,0.46273962702289806
002027,分众传媒,unknown,20260520,2026-05-20,20260331,2026-04-29,-0.08856682769726243,0.06704411889157735,0.7544642857142857,0.31919642857142855,12.13,68.740819,0.020092691701412146,0.5764605334981621,0.25823127319346495
002028,思源电气,unknown,20260520,2026-05-20,20260331,2026-04-25,-0.03975678203928901,-0.010741214208574434,0.9553571428571429,0.9374301675977653,3.48,28.950384,0.4159559230751786,0.2316986834820982,0.49475349062560325
002049,紫光国微,unknown,20260520,2026-05-20,20260331,2026-04-28,0.1153793387295925,0.058333742767591845,0.42745535714285715,0.34933035714285715,2.4,52.581069,0.46107099208171487,1.8027101427409717,0.37692956452210324
002050,三花智控,unknown,20260520,2026-05-20,20260331,2026-04-30,0.11001317523056642,0.32904153648605083,0.8482142857142857,0.5256696428571429,2.88,27.796688,0.013573975694354257,0.02679345079885853,0.37507176127840075
002074,国轩高科,unknown,20260520,2026-05-20,20260331,2026-04-29,-0.1021625652498136,-0.20058518401122127,0.10714285714285714,0.5223214285714286,0.07,16.05657,0.292964776523146,-0.7903938444990801,0.3705735452110697
002142,宁波银行,unknown,20260520,2026-05-20,20260331,2026-04-25,0.005459216441875414,-0.24886966171421354,0.49107142857142855,0.4201117318435754,3.595,43.72547,0.10213571235469043,0.1030066064446542,0.2146402924542732
002179,中航光电,unknown,20260520,2026-05-20,20260331,2026-04-25,0.16259238203524728,0.01819046270045077,0.7821229050279329,0.2578125,1.63,27.996145,0.006938553939940473,-0.3775422162944665,0.42400559532443227
002202,金风科技,unknown,20260520,2026-05-20,20260331,2026-04-25,-0.0035447026388342184,-0.23084062774823766,0.8549107142857143,0.9341517857142857,2.23,16.762874,0.6347910291970178,0.5964766067741036,0.5575903318390912
002230,科大讯飞,unknown,20260520,2026-05-20,20260331,2026-04-29,-0.004975124378109541,0.09610414687795643,0.3939732142857143,0.3125,-0.91,38.97253,0.1323309070210259,-0.12174332368416951,0.29763798384639906
002236,大华股份,unknown,20260520,2026-05-20,20260331,2026-04-18,-0.05966968566862019,-0.08589861424179579,0.40401785714285715,0.27455357142857145,1.83,43.765401,0.10329339348059108,0.06807822132739871,0.26773096961260234
002241,歌尔股份,unknown,20260520,2026-05-20,20260331,2026-04-24,0.03705245628642806,0.12296756300777933,0.21205357142857142,0.48156424581005586,1.37,13.766487,0.14435689062667434,0.07282577672381452,0.3310353330067465
002304,洋河股份,unknown,20260520,2026-05-20,20260331,2026-04-28,-0.09831121833534384,0.18197855046895572,0.9877232142857143,0.0011160714285714285,5.09,75.416194,-0.2602939129059201,-0.32733458037281704,0.17975061914973745
002311,海大集团,unknown,20260520,2026-05-20,20260331,2026-04-28,-0.06254002134471714,0.11535444748321244,0.2109375,0.004464285714285714,3.55,9.921644,0.13190610912409517,-0.3082066306955302,0.3391299934481802
002352,顺丰控股,unknown,20260520,2026-05-20,20260331,2026-04-29,-0.015164047422112081,-0.11336904565083761,0.002232142857142857,0.0011173184357541898,2.52,13.737617,0.06144884280761698,0.13048580765259277,0.19009402475460424
002353,杰瑞股份,unknown,20260520,2026-05-20,20260331,2026-04-17,0.1225335765213067,-0.10383908159490962,0.9888392857142857,0.9888392857142857,2.52,33.616605,0.2248072842923634,0.263218672482078,0.6839738271494196
002371,北方华创,unknown,20260520,2026-05-20,20260331,2026-04-30,0.39601200229831246,0.12865763955272191,0.7284916201117319,0.829050279329609,4.25,40.772789,0.25796090241943137,0.03418201634518869,0.4940865984324644
002384,东山精密,unknown,20260520,2026-05-20,20260331,2026-04-28,0.37569401603948194,-0.03521201632097681,0.9910614525139665,1.0,5.05,19.327535,0.5272343274234259,1.4347103169782645,0.6993856054158005
002415,海康威视,unknown,20260520,2026-05-20,20260331,2026-04-18,0.004939796233405236,-0.17211066596315672,0.18861607142857142,0.1328125,3.28,49.085471,0.11782845138124665,0.36419965367970053,0.2549413361464868
002422,科伦药业,unknown,20260520,2026-05-20,20260331,2026-04-29,-0.08002302820955676,-0.039046524190581855,0.9676339285714286,0.26785714285714285,1.86,45.313711,-0.029761998438849524,-0.22343769465375707,0.4301260503545085
002460,赣锋锂业,unknown,20260520,2026-05-20,20260331,2026-04-30,-0.0819652629074471,-0.1474230491015196,0.8268156424581006,0.5926339285714286,4.02,29.718673,1.4381349449959853,-6.163357219347345,0.5130812627444957
002463,沪电股份,unknown,20260520,2026-05-20,20260331,2026-04-23,0.06552823783561368,-0.12277377700973235,0.9832589285714286,0.984375,7.81,35.632417,0.5390614097654189,0.629033090550732,0.5945624365649422
002466,天齐锂业,unknown,20260520,2026-05-20,20260331,2026-04-28,0.022655663915978952,-0.23641896135361296,0.9709497206703911,0.6049107142857143,4.31,62.65606,0.9843829227260856,16.991224018669723,0.5095201944970393
002475,立讯精密,unknown,20260520,2026-05-20,20260331,2026-04-29,0.17271966527196647,-0.17030971499330816,0.7743016759776536,0.71875,4.2,11.92052,0.35768940620107026,0.2024161935597475,0.5472868135890493
002493,荣盛石化,unknown,20260520,2026-05-20,20260331,2026-04-28,0.04065743944636657,-0.13110426435049338,0.6782122905027933,0.5401785714285714,6.26,19.693511,-0.19134363557387868,3.7846388798328894,0.5087355674913652
002532,天山铝业,unknown,20260520,2026-05-20,20260331,2026-04-29,-0.19638242894056845,0.07451397578731966,0.4497767857142857,0.8860335195530726,7.27,35.605213,0.06553903302989705,1.0969647607983828,0.5438248726615504
002558,巨人网络,unknown,20260520,2026-05-20,20260331,2026-04-28,-0.1351603861725319,0.1119855343366647,0.49385474860335193,0.8035714285714286,6.81,95.377689,2.217004406829204,2.105778080960714,0.49422485058757004
002594,比亚迪,unknown,20260520,2026-05-20,20260331,2026-04-29,-0.10040470225476972,-0.19478835445080356,0.5083798882681564,0.01899441340782123,1.65,18.806213,-0.11819136563904786,-0.5538440532671545,0.35211684965764495
002600,领益智造,unknown,20260520,2026-05-20,20260331,2026-04-30,0.17864923747276684,1.0107501845870064,0.9877094972067039,0.9453125,1.62,16.543396,0.09993565128572235,-0.30704939563424105,0.4162123670628289
002602,世纪华通,unknown,20260520,2026-05-20,20260331,2026-04-30,-0.14360770577933446,-0.0683664175593589,0.34972067039106147,0.8268156424581006,6.46,72.047882,0.35185542147830473,0.5017972384024945,0.415296101625245
002625,光启技术,unknown,20260520,2026-05-20,20260331,2026-04-28,-0.01981439678956609,-0.1097571657825761,0.5150837988826815,0.6852678571428571,1.81,49.853559,0.40279316682846367,0.1702713179375741,0.36541144643355994
002648,卫星化学,unknown,20260520,2026-05-20,20260331,2026-04-14,-0.06639313688922033,0.030041741146010326,0.734375,0.5792410714285714,6.14,24.337942,0.02822005881337386,0.3497262144757285,0.5673958467192924
002709,天赐材料,unknown,20260520,2026-05-20,20260331,2026-04-28,0.19538334707337168,-0.16577026535269757,0.5212053571428571,0.5027932960893855,8.84,38.65346,0.9129078266885278,10.057510118643863,0.5924980064683053
002714,牧原股份,unknown,20260520,2026-05-20,20260331,2026-04-22,-0.1314679102820342,0.10728044099186751,0.8960893854748604,0.0011160714285714285,-1.57,5.171922,-0.17103041649084383,-1.2705000164139153,0.3805835405890997
002736,国信证券,unknown,20260520,2026-05-20,20260331,2026-04-30,-0.15496575342465757,-0.3255415038813363,0.05580357142857143,0.12053571428571429,1.83,54.021713,-0.045427217435879075,-0.09627914824086337,0.29387215508883263
002837,英维克,unknown,20260520,2026-05-20,20260331,2026-04-21,-0.020360127103683734,-0.09824314107808552,0.9921875,0.9463687150837988,0.25,24.293461,0.26029083568273315,-0.8196726402714036,0.6903117763913178
002916,深南电路,unknown,20260520,2026-05-20,20260331,2026-04-24,0.17956282210769503,-0.12201544476676396,0.9754464285714286,0.9988839285714286,4.83,29.169011,0.3789944730356398,0.7300517686647927,0.6161554518880802
002920,德赛西威,unknown,20260520,2026-05-20,20260331,2026-04-28,-0.10518504776922366,0.15699234764391323,0.002232142857142857,0.0033519553072625698,2.95,18.596436,-0.043695800072999336,-0.2074038175708004,0.3326854270591484
002938,鹏鼎控股,unknown,20260520,2026-05-20,20260331,2026-04-30,0.45222619434514155,-0.1327705122495073,1.0,1.0,1.35,22.948496,-0.012486438963023816,-0.05206747371395892,0.6523252559053301
003816,中国广核,unknown,20260520,2026-05-20,20260331,2026-04-29,0.04328018223234631,0.060550768385656095,0.9921875,0.9129464285714286,2.2,39.372794,-0.13250160045308534,-0.09327846337333145,0.26577885687480063
300014,亿纬锂能,unknown,20260520,2026-05-20,20260331,2026-04-25,-0.04381554374371499,-0.1623027833762154,0.46875,0.4341517857142857,3.35,14.038297,0.6161017748273183,0.313489123781199,0.4879655589617352
300015,爱尔眼科,unknown,20260520,2026-05-20,20260331,2026-04-24,0.0010570824524311906,-0.09533511247564885,0.026815642458100558,0.0011160714285714285,5.25,47.733116,0.061457961611459444,0.12461922470071252,0.3157002989508901
300033,同花顺,unknown,20260520,2026-05-20,20260331,2026-04-23,-0.058037196944536684,-0.08936331831532418,0.5519553072625698,0.8917410714285714,2.67,84.988113,0.4080630395873801,1.1258475463877566,0.4051886685330431
300059,东方财富,unknown,20260520,2026-05-20,20260331,2026-04-25,-0.013540621865596791,-0.05587251339197952,0.06696428571428571,0.171875,3.99,85.70517,0.4433801552734964,0.37669892046297915,0.3028662721167951
300122,智飞生物,unknown,20260520,2026-05-20,20260331,2026-04-28,-0.04718810601163548,-0.16646875650628667,0.15401785714285715,0.3638392857142857,-2.48,29.157583,-0.08643750822803198,0.1878519055333876,0.35409103986118157
300124,汇川技术,unknown,20260520,2026-05-20,20260331,2026-04-28,0.16894067147018244,-0.0877830974667907,0.7631284916201118,0.14860335195530727,2.83,29.077055,0.1297976281041855,-0.23387362891072572,0.41733157619192646
300251,光线传媒,unknown,20260520,2026-05-20,20260331,2026-04-22,-0.19053398058252435,-0.1565103256762499,0.015625,0.7410714285714286,0.23,44.129931,-0.935918186359167,-0.9884533196808862,0.70132034056997
300274,阳光电源,unknown,20260520,2026-05-20,20260331,2026-04-28,0.2655161973963063,0.43135989475408243,0.5580357142857143,0.4681564245810056,4.81,33.262931,-0.18258672180953828,-0.4011570312262479,0.6063595750063188
300308,中际旭创,unknown,20260520,2026-05-20,20260331,2026-04-17,0.22001435311003648,-0.0617157112809088,0.9340782122905028,0.9966480446927374,17.54,46.058133,1.921169094232574,2.6228365713294144,0.5657941890971948
300316,晶盛机电,unknown,20260520,2026-05-20,20260331,2026-04-28,0.23100303951367773,0.40468272843238107,1.0,0.5189732142857143,0.6,29.443539,-0.4488228307791533,-0.8210029634918872,0.563921886032127
300394,天孚通信,unknown,20260520,2026-05-20,20260331,2026-04-21,-0.05346644481419849,0.16567506939404653,0.9620111731843576,0.9575892857142857,8.57,56.603933,0.40824278307310524,0.4578790203136782,0.8469968345514327
300408,三环集团,unknown,20260520,2026-05-20,20260331,2026-04-24,0.4801789295079437,0.004045263156246426,1.0,1.0,3.59,43.488932,0.4625134848709036,0.4848352330095016,0.6002105499130621
300413,芒果超媒,unknown,20260520,2026-05-20,20260331,2026-04-25,-0.1064133016627079,-0.06318544274412352,0.659217877094972,0.0011160714285714285,0.85,23.31157,0.06348914142429751,-0.47370409165977045,0.29001099458282753
300418,昆仑万维,unknown,20260520,2026-05-20,20260331,2026-04-29,-0.09255036107943748,0.0046942260098461475,0.07700892857142858,0.9308035714285714,-6.98,66.233597,0.45691282444119996,0.15343005709042346,0.6957743655952863
300433,蓝思科技,unknown,20260520,2026-05-20,20260331,2026-04-16,0.3970757983839941,0.7617675024498625,0.9285714285714286,0.9709821428571429,-0.27,14.554598,-0.1713422022998493,-1.3488133916247704,0.5994135965880056
300442,润泽科技,unknown,20260520,2026-05-20,20260331,2026-04-10,0.016544702513521914,0.21865491196684217,0.6049107142857143,0.8592178770949721,4.17,46.798813,0.5355318005448095,0.3534834398843687,0.7613813062661082
300450,先导智能,unknown,20260520,2026-05-20,20260331,2026-04-29,-0.07750000000000001,-0.14518452346309496,0.48995535714285715,0.4558659217877095,3.03,33.612077,0.19112980999013218,0.10989936684846646,0.39814837135604575
300476,胜宏科技,unknown,20260520,2026-05-20,20260331,2026-04-29,0.023834323877213404,-0.03854665931587242,0.9128491620111732,0.9520089285714286,7.62,34.458493,0.2799278264953664,0.3994799885324656,0.6237900210866288
300498,温氏股份,unknown,20260520,2026-05-20,20260331,2026-04-22,-0.14492753623188404,0.047795618740009704,0.8761160714285714,0.08258928571428571,-2.59,2.707856,0.0030603100718349374,-1.5315241983513501,0.26440901745222256
300502,新易盛,unknown,20260520,2026-05-20,20260331,2026-04-24,-0.0017611918985173114,-0.17859304359377837,0.7287946428571429,0.9251396648044693,14.52,49.160955,1.0575948145903613,0.7679983242812436,0.722786229959841
300628,亿联网络,unknown,20260520,2026-05-20,20260331,2026-04-22,0.09756097560975618,-0.16492629351230592,0.24134078212290502,0.1877094972067039,6.79,65.237071,0.1882590545012195,0.1667643468274127,0.3098779764108042
300661,圣邦股份,unknown,20260520,2026-05-20,20260331,2026-04-27,0.5096949327817994,-0.10585539716120929,0.6737430167597765,0.6261160714285714,2.31,51.628284,0.39081197231446985,1.0695942971911006,0.6164985302839469
300750,宁德时代,unknown,20260520,2026-05-20,20260331,2026-04-16,-0.05167485995198362,-0.20151114607145104,0.421875,0.48214285714285715,5.98,24.815621,0.5244869554824236,0.485237160697918,0.40069051350805346
300760,迈瑞医疗,unknown,20260520,2026-05-20,20260331,2026-04-29,-0.012438772879608151,-0.1757080162248631,0.08816964285714286,0.0011160714285714285,5.96,61.870083,0.013941290693123554,-0.11372013981418205,0.2716465757054948
300803,指南针,unknown,20260520,2026-05-20,20260331,2026-04-25,0.00572634116937909,-0.02957297659583391,0.7653631284916201,0.8024553571428571,3.91,89.982389,0.3096279911199924,-0.19796028890707562,0.36965507521222896
300832,新产业,unknown,20260520,2026-05-20,20260331,2026-04-28,0.08553373956217558,0.09250692149270656,0.07142857142857142,0.012276785714285714,4.72,73.479355,0.003400968384612346,0.010238229510482366,0.37723912882587085
300866,安克创新,unknown,20260520,2026-05-20,20260331,2026-04-30,0.14548596112311007,-0.18165640360627644,0.6927374301675978,0.7578125,4.35,43.640113,0.26934119672689016,-0.04874729067568595,0.5685434908268878
300896,爱美客,unknown,20260520,2026-05-20,20260331,2026-04-23,-0.07866748703524662,0.07538098649422875,0.125,0.0011160714285714285,3.86,92.489468,-0.04477684589550768,-0.32786439217015484,0.33304488080841865
300999,金龙鱼,unknown,20260520,2026-05-20,20260331,2026-04-30,-0.05122732123799356,-0.0384198929387517,0.0011160714285714285,0.012276785714285714,1.52,6.771983,0.10921603600607144,0.5097914945084281,0.28826969890464577
301165,锐捷网络,unknown,20260520,2026-05-20,20260331,2026-04-21,0.027280727486066247,-0.04136107715509152,0.9890368050117463,0.971025841816758,2.43,35.696828,0.18261643706885922,0.14587073187096533,0.6912463730333803
301236,软通动力,unknown,20260520,2026-05-20,20260331,2026-04-25,-0.00696171059174544,-0.09672866029075744,0.9914921465968587,0.4018324607329843,-2.82,7.783908,0.15786655543620243,0.7699108383839235,0.47306373181014083
301269,华大九天,unknown,20260520,2026-05-20,20260331,2026-04-28,0.20422206671331944,0.14117430579049617,0.0007183908045977011,0.2952586206896552,-1.39,78.802401,0.09649041601567099,-8.515375791081276,0.4626090821262789
301308,江波龙,unknown,20260520,2026-05-20,20260331,2026-04-28,0.5424430081938396,0.021548442170508775,0.5588447653429602,0.9783393501805054,39.4,55.527428,1.3279283242027424,-26.440496580336394,0.8818868014624046
302132,中航成飞,unknown,20260520,2026-05-20,20260331,2026-04-29,-0.04817518248175179,-0.0670481714622152,0.3314732142857143,0.33816964285714285,0.9,9.706345,0.7971160036156695,0.23159466244003069,0.3363829521844141
600000,浦发银行,unknown,20260520,2026-05-20,20260331,2026-04-30,-0.09330628803245433,0.3855159916881381,0.5854748603351956,0.4659217877094972,2.32,46.784617,0.014176211837463537,0.014944880100011382,0.16730609848416814
600009,上海机场,unknown,20260520,2026-05-20,20260331,2026-04-30,-0.05504587155963303,0.17662679189276997,0.5703125,0.002232142857142857,1.35,24.934587,0.008145837655387123,0.11332274872286119,0.16392407538317513
600010,包钢股份,unknown,20260520,2026-05-20,20260331,2026-04-29,-0.09090909090909083,-0.2507522053118141,0.011160714285714286,0.8671875,-0.89,6.601383,-0.1373188196612618,-11.290351444972014,0.505122358813904
600011,华能国际,unknown,20260520,2026-05-20,20260331,2026-04-29,0.07636887608069154,0.22845101495126352,0.464804469273743,0.17988826815642459,5.78,19.521102,-0.05887669321304245,-0.0983000068375598,0.2748852832356675
600015,华夏银行,unknown,20260520,2026-05-20,20260331,2026-04-30,-0.06582633053221287,-0.1345170854772303,0.4810267857142857,0.19217877094972066,1.57,26.955568,0.3533032867978454,-0.015010863124629625,0.19977902163773578
600016,民生银行,unknown,20260520,2026-05-20,20260331,2026-04-30,-0.040431266846361114,0.12107767581943274,0.6305803571428571,0.011160714285714286,2.02,34.403257,0.027408795805829556,-0.09637419557369331,0.14745681819141426
600018,上港集团,unknown,20260520,2026-05-20,20260331,2026-04-30,0.036511156186612714,0.13922834362183334,0.4100558659217877,0.03798882681564246,2.8021,39.423448,0.08041766658860983,0.025715024822649868,0.1589199068867819
600019,宝钢股份,unknown,20260520,2026-05-20,20260331,2026-04-30,-0.052459016393442526,0.016985410292294834,0.5680803571428571,0.06584821428571429,1.07,6.622047,0.05737623661746416,-0.08608717805096489,0.22096843621255324
600023,浙能电力,unknown,20260520,2026-05-20,20260331,2026-04-28,0.09437386569872963,0.6156374240598264,0.6808035714285714,0.7868303571428571,1.23,5.44992,-0.1102364121865902,-0.11840345331347202,0.35127115200233583
600025,华能水电,unknown,20260520,2026-05-20,20260331,2026-04-29,-0.006309148264984299,0.4341854893146566,0.5993303571428571,0.4486607142857143,2.1,51.988639,0.07020469205845226,0.02322868446379389,0.21062774858070354
600026,中远海能,unknown,20260520,2026-05-20,20260331,2026-04-28,0.031435079726651605,-0.11806856932000487,0.7564245810055866,0.9140625,4.5762,42.658288,0.2692181748058242,2.067376066923279,0.7371942515921045
600027,华电国际,unknown,20260520,2026-05-20,20260331,2026-04-29,0.12715517241379337,0.2977907730072962,0.4877232142857143,0.28683035714285715,3.39,12.634887,-0.09432422862481649,-0.09930456239299024,0.2851173662693541
600028,中国石化,unknown,20260520,2026-05-20,20260331,2026-04-29,-0.08103130755064447,-0.2201901731757573,0.8513966480446927,0.34486607142857145,2.04,19.888919,-0.03897567980678751,0.2821170084439084,0.40194186799430415
600029,南方航空,unknown,20260520,2026-05-20,20260331,2026-04-30,-0.0735551663747811,-0.1319669833984951,0.9732142857142857,0.36830357142857145,4.07,10.819974,0.1007901951298178,-2.9825970548862113,0.36471760564947203
600030,中信证券,unknown,20260520,2026-05-20,20260331,2026-04-25,-0.00696594427244579,-0.18689751951716949,0.0033482142857142855,0.4547486033519553,3.46,57.093996,0.40913815604729264,0.5460182246042824,0.25127367174576204
600031,三一重工,unknown,20260520,2026-05-20,20260331,2026-04-30,-0.037698412698412787,-0.09890487196602249,0.2435754189944134,0.21428571428571427,2.77,27.480319,0.14025761627081157,0.004593016687042706,0.3945681789732315
600036,招商银行,unknown,20260520,2026-05-20,20260331,2026-04-29,-0.059463562753036436,-0.1365676694036635,0.31731843575418994,0.04357541899441341,3.37,51.374511,0.038077157287674135,0.015179960306817675,0.14042945826648362
600039,四川路桥,unknown,20260520,2026-05-20,20260331,2026-04-30,-0.16339193381592554,-0.14241489782951466,0.5970982142857143,0.08258928571428571,2.8,14.239784,-0.04102464619128632,-0.1571543011734503,0.3588408243770047
600048,保利发展,unknown,20260520,2026-05-20,20260331,2026-04-28,0.0016474464579900872,-0.1868724147642521,0.06138392857142857,0.033482142857142856,0.47,13.496984,-0.15738469336737426,-0.5706315396981284,0.3032194156546981
600050,中国联通,unknown,20260520,2026-05-20,20260331,2026-04-22,0.02155172413793105,0.5880047508262616,0.3843575418994413,0.47039106145251397,1.24,23.727921,-0.005123380108512765,-0.17989000362243157,0.2764388145789116
600061,国投资本,unknown,20260520,2026-05-20,20260331,2026-04-30,-0.06531204644412181,-0.23662013289490247,0.264804469273743,0.06480446927374302,1.39,67.839446,0.3181142026793644,0.126276557011598,0.2169224890005048
600066,宇通客车,unknown,20260520,2026-05-20,20260331,2026-04-28,-0.061212477928193065,-0.1476737960766431,0.015625,0.7779017857142857,4.14,23.55832,-0.0792063149820702,-0.1268851573024643,0.37912374103983737
600085,同仁堂,unknown,20260520,2026-05-20,20260331,2026-04-30,-0.06599350883519661,0.20697641994426874,0.29129464285714285,0.0011160714285714285,3.4,41.657348,-0.11593368333352061,-0.19070603626644156,0.1753322410441935
600089,特变电工,unknown,20260520,2026-05-20,20260331,2026-04-30,-0.023060029282576777,-0.09899993122501582,0.8950892857142857,0.7321428571428571,2.5539,21.119184,0.06750421354503655,0.13395220256746732,0.41340626386561646
600104,上汽集团,unknown,20260520,2026-05-20,20260331,2026-04-30,-0.10991379310344818,0.06308241465874698,0.6841517857142857,0.004464285714285714,1.01,12.827926,-0.0031397257109176957,0.0009338455273222301,0.19837117389908648
600111,北方稀土,unknown,20260520,2026-05-20,20260331,2026-04-29,0.05440097799511001,-0.06905171786429298,0.7678571428571429,0.7209821428571429,3.65,13.223781,0.2769358845811678,1.1311732452324677,0.5651193888682874
600115,中国东航,unknown,20260520,2026-05-20,20260331,2026-04-30,-0.06575963718820865,-0.026322986420485917,0.9921787709497206,0.8571428571428571,10.9,8.251484,0.10938154822486967,-2.641206030150754,0.4548908425293112
600118,中国卫星,unknown,20260520,2026-05-20,20260331,2026-04-22,0.005004073082741645,-0.09479870482007491,0.9854748603351955,0.9464285714285714,-0.67,14.023134,0.37893219015735724,0.7706799741897603,0.6352096261398044
600150,中国船舶,unknown,20260520,2026-05-20,20260331,2026-04-30,0.17166212534059944,-0.25293694109067955,0.002232142857142857,0.20089285714285715,3.3,17.475269,0.5489683424884451,2.5164066344362186,0.40771133386713476
600160,巨化股份,unknown,20260520,2026-05-20,20260331,2026-04-29,-0.02181057663579311,0.5359897924635217,0.19776536312849163,0.8325892857142857,5.58,34.387847,0.037479315219614895,0.4592621601067577,0.37899253466295224
600176,中国巨石,unknown,20260520,2026-05-20,20260331,2026-04-25,0.04797601199400314,0.011819694736089792,0.9877232142857143,0.9910714285714286,4.0,39.637799,0.17929050931412926,0.7348310313396862,0.6373929352915015
600183,生益科技,unknown,20260520,2026-05-20,20260331,2026-04-29,0.452011035283868,0.1647775061553991,0.9854748603351955,1.0,6.68,28.10132,0.45088535139881536,1.054723584166001,0.5851263937002625
600188,兖矿能源,unknown,20260520,2026-05-20,20260331,2026-04-29,0.12578947368421045,-0.13833778334674396,0.9743303571428571,0.7042410714285714,3.84,25.918172,0.01830613593809538,0.4214394280557323,0.5620751593837156
600196,复星医药,unknown,20260520,2026-05-20,20260331,2026-04-29,-0.08145315487571703,-0.22497791211024432,0.052455357142857144,0.054748603351955305,1.78,49.700914,0.06930767594018739,0.13869468046800226,0.2265981021065833
600219,南山铝业,unknown,20260520,2026-05-20,20260331,2026-04-28,-0.1653290529695024,-0.16618776437242666,0.7946428571428571,0.7868303571428571,2.09,21.638107,0.009547040097409365,-0.3538684446720991,0.5243704221219382
600221,海航控股,unknown,20260520,2026-05-20,20260331,2026-04-30,0.0,-0.2711730475046784,0.6849162011173184,0.3080357142857143,28.1,11.865639,0.04954651358402584,5.336286241065985,0.3268193235829504
600233,圆通速递,unknown,20260520,2026-05-20,20260331,2026-04-23,-0.08055957549445258,-0.16690867870816017,0.34375,0.4330357142857143,3.88,11.17545,0.10013836555295819,0.6075721419819211,0.3749066018863429
600276,恒瑞医药,unknown,20260520,2026-05-20,20260331,2026-04-23,-0.09554367201426028,-0.02996270433620285,0.0390625,0.022321428571428572,4.15,86.598607,0.12975362979303684,0.21782316948345093,0.3342719855945539
600309,万华化学,unknown,20260520,2026-05-20,20260331,2026-04-21,-0.09993052339045849,-0.10424252267565615,0.765625,0.14732142857142858,3.38,14.728043,0.25504673217752827,0.20623880961541374,0.36387237931878375
600346,恒力石化,unknown,20260520,2026-05-20,20260331,2026-04-22,-0.14814814814814814,-0.1769568937619871,0.640625,0.5256696428571429,5.69,13.976353,-0.1373589845646065,0.9065413570081866,0.5610594215645551
600362,江西铜业,unknown,20260520,2026-05-20,20260331,2026-04-29,-0.03828877005347586,0.07968423611766284,0.875,0.9173184357541899,3.41,5.069891,0.25387659768617055,0.44310456182184876,0.400865377251265
600372,中航机载,unknown,20260520,2026-05-20,20260331,2026-04-28,-0.09028831562974204,0.11089124910211035,0.6860335195530727,0.15959821428571427,0.47,25.96353,-0.017531858661945066,0.7847994254610737,0.3297773130513977
600406,国电南瑞,unknown,20260520,2026-05-20,20260331,2026-04-30,-0.010443864229764954,0.030065815857955203,0.31843575418994413,0.2916201117318436,1.36,25.095322,0.07522465627316754,0.06042416850953636,0.32720941975895745
600415,小商品城,unknown,20260520,2026-05-20,20260331,2026-04-23,0.1650902837489252,0.27215504411639757,0.1875,0.7120535714285714,4.23,33.778523,0.45291370202910697,0.23292987779000685,0.3945427338913032
600426,华鲁恒升,unknown,20260520,2026-05-20,20260331,2026-04-28,-0.0908319185059423,0.0044753224093914135,0.8292410714285714,0.35825892857142855,3.32,22.280229,0.07360013690134659,0.5796482544747903,0.47194142594798044
600436,片仔癀,unknown,20260520,2026-05-20,20260331,2026-04-30,-0.12856264096780812,0.14003977375479382,0.08147321428571429,0.0011160714285714285,5.0,42.182097,-0.12740561708275222,-0.256355353574522,0.17944915418291246
600438,通威股份,unknown,20260520,2026-05-20,20260331,2026-04-30,-0.08290743895513919,-0.025429481236997287,0.34933035714285715,0.3754189944134078,-6.49,-4.028204,-0.23901494388997624,-0.05721166652586407,0.40547696491856833
600460,士兰微,unknown,20260520,2026-05-20,20260331,2026-04-30,0.20972531551596152,0.3897553884992955,0.7142857142857143,0.4375,1.73,19.788227,0.1731228962367648,0.40568907749084904,0.38712497912834365
600482,中国动力,unknown,20260520,2026-05-20,20260331,2026-04-30,-0.04396754776236589,-0.09488197765289041,0.41294642857142855,0.9754464285714286,1.45,18.90736,0.04453842049299328,0.4864170572730242,0.6530256827019424
600489,中金黄金,unknown,20260520,2026-05-20,20260331,2026-04-29,-0.13345724907063194,0.03026451026724919,0.09598214285714286,0.8671875,7.54,20.465565,0.5200921898426547,1.2923460119915542,0.5214829344678829
600515,海南机场,unknown,20260520,2026-05-20,20260331,2026-04-28,-0.09917355371900827,-0.13228811844565436,0.9162011173184358,0.015625,0.46,32.004289,0.5986621057056207,0.12020687244776496,0.2769403018104853
600519,贵州茅台,unknown,20260520,2026-05-20,20260331,2026-04-25,-0.06554674398112614,0.1120092307424061,0.08379888268156424,0.0011173184357541898,10.57,89.759217,0.063360092771233,0.0147141829498314,0.20072316446179253
600522,中天科技,unknown,20260520,2026-05-20,20260331,2026-04-25,0.6137171286425016,0.13123769430896748,0.8950892857142857,1.0,2.43,15.58141,0.347112176696875,0.46420350594502735,0.6971532102598368
600547,山东黄金,unknown,20260520,2026-05-20,20260331,2026-04-30,-0.2078563995837669,-0.05113770526810946,0.1328125,0.4375,4.2,18.296676,0.2537264408259159,0.408736642906369,0.483576319842429
600549,厦门钨业,unknown,20260520,2026-05-20,20260331,2026-04-24,-0.1903618315722062,-0.18873365909754602,0.7678571428571429,0.8828125,6.24,21.003788,0.8699074166140104,1.8913564286121218,0.6681286146715604
600570,恒生电子,unknown,20260520,2026-05-20,20260331,2026-04-30,-0.008715422508525972,-0.020129100617465867,0.22681564245810057,0.11843575418994413,1.4,67.957175,-0.1175213324338571,3.4287128143708854,0.2893318431975962
600584,长电科技,unknown,20260520,2026-05-20,20260331,2026-04-29,0.5058046892783976,0.6152997894947889,1.0,0.9676339285714286,1.01,14.548409,-0.01757947088015266,0.4273587991259795,0.5468185317914552
600585,海螺水泥,unknown,20260520,2026-05-20,20260331,2026-04-30,-0.0994599459945994,-0.22962551458794267,0.6450892857142857,0.002232142857142857,0.76,21.25829,-0.10452509339448879,-0.18980821745681853,0.2588052010185953
600588,用友网络,unknown,20260520,2026-05-20,20260331,2026-04-25,-0.07673667205169632,0.08296026397422973,0.3106145251396648,0.35977653631284917,-10.28,44.717825,0.058950185603370286,-0.017945985679994836,0.3508535323694416
600600,青岛啤酒,unknown,20260520,2026-05-20,20260331,2026-04-28,-0.002259887005649719,-0.03410624285222785,0.027901785714285716,0.0033519553072625698,5.71,42.742989,-0.015356682087071416,0.05228611103054148,0.13956267519971072
600660,福耀玻璃,unknown,20260520,2026-05-20,20260331,2026-04-22,-0.05746527777777777,-0.14390377626207085,0.002232142857142857,0.34151785714285715,4.46,37.37907,0.05075813469204715,-0.15676921122114562,0.2048504436483976
600674,川投能源,unknown,20260520,2026-05-20,20260331,2026-04-18,0.03305785123966953,0.08177077431019208,0.3139664804469274,0.09375,3.18,54.048179,-0.09561734761410301,-0.01761010754610215,0.24080156716345866
600690,海尔智家,unknown,20260520,2026-05-20,20260331,2026-04-28,0.0014388489208632116,-0.03543031741781577,0.016741071428571428,0.0011173184357541898,3.86,25.343786,-0.06864988379493653,-0.1521889486846354,0.22483214998852594
600741,华域汽车,unknown,20260520,2026-05-20,20260331,2026-04-29,-0.1536955457660304,-0.03903949911523219,0.18526785714285715,0.020089285714285716,1.84,12.134448,-0.009722199730014092,-0.026272594825143547,0.2641400629562739
600760,中航沈飞,unknown,20260520,2026-05-20,20260331,2026-04-29,-0.09897273804820228,-0.20829023735102592,0.21428571428571427,0.0011160714285714285,0.7,10.580759,-0.5523114365484747,-0.6168727932836741,0.3048280552005362
600795,国电电力,unknown,20260520,2026-05-20,20260331,2026-04-29,0.024896265560165887,0.3320579459158466,0.47544642857142855,0.43638392857142855,2.32,12.31946,-0.016176369106886135,-0.22788563287030095,0.26137661423953906
600803,新奥股份,unknown,20260520,2026-05-20,20260331,2026-04-30,0.007725736359246671,-0.30694374009160985,0.8683035714285714,0.37276785714285715,2.68,12.341878,-0.07646832697137107,-0.3292094671405016,0.4378656292434703
600809,山西汾酒,unknown,20260520,2026-05-20,20260331,2026-04-30,-0.05763440860215052,-0.01931957897974712,0.020089285714285716,0.0011173184357541898,12.57,75.046836,-0.09680149759211065,-0.19029852534585034,0.2547459764954284
600845,宝信软件,unknown,20260520,2026-05-20,20260331,2026-04-22,0.05330396475770938,0.1246598908975185,0.8794642857142857,0.12165178571428571,3.39,30.767956,0.04172320889796044,-0.14252332348871988,0.4620736393587805
600875,东方电气,unknown,20260520,2026-05-20,20260331,2026-04-30,-0.10810162991371042,0.020300703572351253,0.9486033519553073,0.9720670391061452,3.44,17.182121,0.055707180776794596,0.3740911910703073,0.7333520977222872
600886,国投电力,unknown,20260520,2026-05-20,20260331,2026-04-30,0.01060606060606073,0.3449400515824481,0.04241071428571429,0.05915178571428571,3.06,45.045652,-0.04633167537900873,0.01914107533460041,0.2224079144777319
600887,伊利股份,unknown,20260520,2026-05-20,20260331,2026-04-30,0.06807990216061954,-0.3484972033885184,0.07366071428571429,0.06808035714285714,9.44,38.374706,0.054718973008351934,0.10679850661484425,0.16978899555504665
600893,航发动力,unknown,20260520,2026-05-20,20260331,2026-04-28,-0.05253623188405798,-0.06588992449619335,0.8604910714285714,0.6785714285714286,0.0064,10.909279,0.14799496811108748,-0.6592800784775961,0.5956480939052902
600900,长江电力,unknown,20260520,2026-05-20,20260331,2026-04-30,0.019711902956785377,0.20053135497584806,0.11941964285714286,0.31138392857142855,3.01,55.646317,0.06442778170349395,0.3050157685080972,0.1183962156834745
600905,三峡能源,unknown,20260520,2026-05-20,20260331,2026-04-30,0.004878048780487809,0.12886555350349016,0.9988826815642458,0.027901785714285716,1.17,39.65831,-0.08917774204571349,-0.5749151915664326,0.1903977152211801
600918,中泰证券,unknown,20260520,2026-05-20,20260331,2026-04-30,-0.054365733113673764,-0.09531290297336947,0.3828125,0.0033482142857142855,0.97,23.592161,0.25136663686026517,0.26800579620722664,0.18539210281255497
600919,江苏银行,unknown,20260520,2026-05-20,20260331,2026-04-29,0.0313942751615881,-0.026783174961274248,0.8571428571428571,0.9073660714285714,4.0925,54.643778,0.08411806101543173,0.08200989304400008,0.16425457784554642
600926,杭州银行,unknown,20260520,2026-05-20,20260331,2026-04-23,-0.04727707959305805,-0.1380573302839483,0.5279017857142857,0.4185267857142857,4.69,73.741999,0.042888089189810685,0.10094037337577944,0.1612956392992969
600938,中国海油,unknown,20260520,2026-05-20,20260331,2026-04-29,0.006427423674343791,-0.11998096072746123,0.9550637156270959,0.92018779342723,4.77,51.173769,0.08633275310236388,0.07059048765145093,0.5082047140099439
600941,中国移动,unknown,20260520,2026-05-20,20260331,2026-04-21,0.06081820170641006,0.5290848065680402,0.4777708202880401,0.3393863494051346,2.1,25.350685,0.010304822565968985,-0.042081551369527626,0.1616462667156612
600958,东方证券,unknown,20260520,2026-05-20,20260331,2026-04-30,0.08203991130820398,-0.04688259014434337,0.05133928571428571,0.25223214285714285,1.94,49.095448,0.0528869542273549,0.10550384118362555,0.24746247199809002
600989,宝丰能源,unknown,20260520,2026-05-20,20260331,2026-04-24,0.008406432748538029,-0.19208804027263826,0.35825892857142855,0.8314732142857143,7.28,37.404287,0.22895695481113143,0.5022975703560446,0.5970795795112235
600999,招商证券,unknown,20260520,2026-05-20,20260331,2026-04-30,0.0852959898154042,0.4028740383117091,0.11049107142857142,0.38392857142857145,2.54,54.776452,0.4795847326766156,0.4172841360432298,0.20128714889974
601006,大秦铁路,unknown,20260520,2026-05-20,20260331,2026-04-30,0.04571428571428582,0.0666271617737344,1.0,0.10044642857142858,1.44,14.522207,0.04321409268147547,-0.07263845835918104,0.15649115874096314
601009,南京银行,unknown,20260520,2026-05-20,20260331,2026-04-23,-0.01192660550458724,-0.08329651436091912,0.5993303571428571,0.28794642857142855,3.57,50.01173,0.1354001101337574,0.08046479609919643,0.18315514577634726
601012,隆基绿能,unknown,20260520,2026-05-20,20260331,2026-04-29,-0.11983944954128445,0.17376795146332213,0.23102678571428573,0.3482142857142857,-3.61,-1.187933,-0.1802546120150258,0.3419756645620464,0.26914749126215604
601018,宁波港,unknown,20260520,2026-05-20,20260331,2026-04-29,-0.05080213903743325,0.09236060953441938,0.046875,0.017857142857142856,1.44,27.883906,0.15648537278071428,-0.004426714139105337,0.21245997728646523
601021,春秋航空,unknown,20260520,2026-05-20,20260331,2026-04-30,-0.03879401222854728,-0.11697239238085588,0.48214285714285715,0.004464285714285714,5.3,20.050963,0.14158256146029435,0.45145198171595613,0.32591560242582823
601058,赛轮轮胎,unknown,20260520,2026-05-20,20260331,2026-04-28,-0.08711839166046165,-0.08316556403705821,0.203125,0.0011160714285714285,4.8,26.862188,0.12475389922638547,0.017165545291919493,0.39745866278577396
601059,信达证券,unknown,20260520,2026-05-20,20260331,2026-04-30,0.02608180201541188,0.42237162791354566,0.017427385892116183,0.16099585062240665,1.81,49.715329,0.13006451689207132,1.208739649579825,0.17508131973129828
601066,中信建投,unknown,20260520,2026-05-20,20260331,2026-04-30,0.022435897435897356,-0.18863644966297322,0.0033482142857142855,0.027901785714285716,4.02,60.636339,0.6226498155531204,0.9902937757158305,0.20105167571849178
601077,渝农商行,unknown,20260520,2026-05-20,20260331,2026-04-29,-0.04384724186704392,-0.07899186071021413,0.8616071428571429,0.8616071428571429,2.9875,60.649691,0.08394368739683222,0.050719269610471684,0.21011906681487635
601088,中国神华,unknown,20260520,2026-05-20,20260331,2026-04-25,0.009879253567508295,0.0763442819247262,0.9854910714285714,0.9352678571428571,2.4,32.889185,0.011669181576489107,-0.10728931291321453,0.30532199233737084
601100,恒立液压,unknown,20260520,2026-05-20,20260331,2026-04-28,0.0686972198500806,-0.18073277848842295,0.9709821428571429,0.7354910714285714,3.71,38.573534,0.3252141867120357,0.05587751469446123,0.4666658795707098
601111,中国国航,unknown,20260520,2026-05-20,20260331,2026-04-30,-0.03179190751445082,-0.02261285129009072,0.8035714285714286,0.20535714285714285,3.96,7.864876,0.11276217337670413,-1.838602186993791,0.36323215886047516
601117,中国化学,unknown,20260520,2026-05-20,20260331,2026-04-28,-0.06651108518086346,-0.14418592434128286,0.06138392857142857,0.109375,2.3,9.35732,0.03251631842958247,0.08457888412706138,0.37775622855276586
601127,赛力斯,unknown,20260520,2026-05-20,20260331,2026-04-30,-0.12200902934537239,0.023993525178687802,0.6473214285714286,0.0011160714285714285,1.83,26.238315,0.34462859318588324,0.008921162241436242,0.26918886037608525
601136,首创证券,unknown,20260520,2026-05-20,20260331,2026-04-29,-0.04289215686274517,-0.08891863119794174,0.0008025682182985554,0.026484751203852328,1.41,42.074872,0.30798808708173464,0.3018869367912622,0.22711139254987153
601138,工业富联,unknown,20260520,2026-05-20,20260331,2026-04-29,0.11776283418074485,0.07792184113418221,0.8738839285714286,0.9441964285714286,6.18,7.350507,0.5651778086583659,1.0254851336561024,0.5029934063872717
601166,兴业银行,unknown,20260520,2026-05-20,20260331,2026-04-30,-0.05806811836962589,-0.15263996513017952,0.45535714285714285,0.036830357142857144,2.89,49.70775,-0.010649569886679977,0.001512859304084735,0.1416506907383991
601169,北京银行,unknown,20260520,2026-05-20,20260331,2026-04-28,-0.05166051660516613,-0.2714771406465609,0.9508928571428571,0.020089285714285716,2.905,48.614725,0.1443335084953583,0.055526590198123005,0.14686031348650563
601186,中国铁建,unknown,20260520,2026-05-20,20260331,2026-04-30,-0.06349206349206338,0.08996787064210565,0.7154017857142857,0.0033482142857142855,1.38,7.855363,-0.09806701078506896,-0.14723885883846488,0.16130586158053442
601211,国泰海通,unknown,20260520,2026-05-20,20260331,2026-04-25,-0.09835100117785633,-0.18150883327244138,0.5848214285714286,0.06138392857142857,1.95,51.560281,0.5890692461451719,-0.47815412352742404,0.21583506013101364
601225,陕西煤业,unknown,20260520,2026-05-20,20260331,2026-04-25,-0.0254032258064516,-0.1224783806851425,0.9676339285714286,0.6886160714285714,4.21,31.12328,-0.030105552317395534,-0.12378955491961396,0.33104288324176595
601229,上海银行,unknown,20260520,2026-05-20,20260331,2026-04-24,-0.06729758149316512,-0.07706351124278088,0.7008928571428571,0.5424107142857143,2.54,54.465444,0.042504204374019805,0.006604672141608203,0.16526935257637124
601238,广汽集团,unknown,20260520,2026-05-20,20260331,2026-04-30,-0.12430939226519344,0.0854321819423487,0.21763392857142858,0.0011160714285714285,-0.63,-0.88927,0.017588473602118126,-0.10292032202420709,0.1893776953375767
601288,农业银行,unknown,20260520,2026-05-20,20260331,2026-04-30,-0.06647398843930641,0.1557232600977434,0.8314732142857143,0.8225446428571429,2.6475,38.211922,0.10489409344632894,0.04523779733355582,0.2304089045673658
601318,中国平安,unknown,20260520,2026-05-20,20260331,2026-04-25,-0.06584582441113485,0.05288029347784984,0.11049107142857142,0.3236607142857143,2.5,16.106316,-0.061838222344405724,-0.07380811371039386,0.24251433125113198
601319,中国人保,unknown,20260520,2026-05-20,20260331,2026-04-30,-0.046070460704607075,0.06117885550627511,0.08258928571428571,0.24441964285714285,2.8,8.533284,-0.05142762262994205,-0.31403222040625733,0.26459281503813326
601328,交通银行,unknown,20260520,2026-05-20,20260331,2026-04-30,-0.05603448275862066,0.11351867856077424,0.7667410714285714,0.5256696428571429,2.2675,42.957281,0.04887455931539453,0.031136686110673217,0.1563656960491173
601336,新华保险,unknown,20260520,2026-05-20,20260331,2026-04-30,-0.0717286447798351,-0.20175671911730364,0.0011160714285714285,0.6674107142857143,5.53,30.145032,-0.3373750074845817,0.10523631417885082,0.31370903316623255
601360,三六零,unknown,20260520,2026-05-20,20260331,2026-04-30,-0.009157509157509125,-0.08861081569295493,0.9888392857142857,0.765625,0.37,70.701096,0.07895685692087784,-1.3999985356889217,0.38175822921891545
601377,兴业证券,unknown,20260520,2026-05-20,20260331,2026-04-30,-0.016722408026755953,-0.15630053562815016,0.29910714285714285,0.125,1.32,45.007707,0.13437351874109882,0.5216791808185939,0.23315402807806962
601390,中国中铁,unknown,20260520,2026-05-20,20260331,2026-04-30,-0.0921052631578948,0.026880118956892796,0.8013392857142857,0.0011160714285714285,1.36,7.928366,-0.05445019305951704,-0.2765424218177267,0.31992383368010147
601398,工商银行,unknown,20260520,2026-05-20,20260331,2026-04-30,-0.019257221458046758,0.04327097692500037,0.8404017857142857,0.6964285714285714,2.2075,44.266614,0.08269807401280227,0.03309330291363666,0.17341730186035728
601456,国联民生,unknown,20260520,2026-05-20,20260331,2026-04-28,-0.009646302250803873,-0.19364563703603066,0.0011160714285714285,0.0078125,0.94,33.868361,0.18805264293512747,0.3206508256689413,0.16744606890817934
601600,中国铝业,unknown,20260520,2026-05-20,20260331,2026-04-24,-0.13317572892040974,0.10416445054802126,0.24107142857142858,0.8627232142857143,7.11,25.827609,0.048488062760914996,0.5634647468046143,0.500363233143355
601601,中国太保,unknown,20260520,2026-05-20,20260331,2026-04-29,-0.10498125334761654,-0.11257657229935991,0.0011160714285714285,0.22767857142857142,3.2,11.059245,-0.012484394506866447,0.04300405110626371,0.313874888077329
601607,上海医药,unknown,20260520,2026-05-20,20260331,2026-04-30,-0.021777516185991663,-0.03607221893352475,0.13727678571428573,0.004464285714285714,1.85,10.752998,0.06358191914604339,0.06352747551258386,0.1352219191725045
601618,中国中冶,unknown,20260520,2026-05-20,20260331,2026-04-30,-0.043624161073825496,0.05263092404575498,0.9732142857142857,0.013392857142857142,1.59,8.600831,-0.24591412799699508,0.015869776494114696,0.2106631964267303
601628,中国人寿,unknown,20260520,2026-05-20,20260331,2026-04-30,-0.07942430703624748,-0.24924455534768208,0.008928571428571428,0.06361607142857142,3.27,20.934495,-0.15326247764960022,-0.32279008402194287,0.2610105922953855
601633,长城汽车,unknown,20260520,2026-05-20,20260331,2026-04-25,-0.12542209358417755,0.1949866241023377,0.10491071428571429,0.0011160714285714285,1.07,18.452004,0.12719586921875314,-0.46010176030432415,0.18647160056820086
601658,邮储银行,unknown,20260520,2026-05-20,20260331,2026-04-30,-0.0315581854043393,-0.04919659200890758,0.7165178571428571,0.05357142857142857,2.4275,28.76188,0.07608294260488124,0.01901291293670293,0.16404677321321823
601668,中国建筑,unknown,20260520,2026-05-20,20260331,2026-04-29,-0.020242914979757165,-0.12948632477866506,0.9732142857142857,0.0011160714285714285,2.77,7.926848,-0.07845581438743343,-0.07531783889270505,0.13903426697104376
601669,中国电建,unknown,20260520,2026-05-20,20260331,2026-04-30,-0.008756567425569184,-0.14020492858066413,0.6808035714285714,0.22767857142857142,1.31,10.176367,0.017352832767029813,-0.25557561786410143,0.452685139875788
601688,华泰证券,unknown,20260520,2026-05-20,20260331,2026-04-30,-0.026219192448872608,-0.054117194523707335,0.09375,0.49330357142857145,2.61,56.348928,0.41481144614172316,0.31794540183203757,0.2717788958619623
601689,拓普集团,unknown,20260520,2026-05-20,20260331,2026-04-30,0.15142007926023782,0.3790783663371462,0.5703125,0.3984375,2.27,19.256242,0.14921172384375714,-0.02417112219972506,0.38087515013810685
601698,中国卫通,unknown,20260520,2026-05-20,20260331,2026-04-30,0.0,-0.33082430296630905,0.8861607142857143,0.9397321428571429,0.1682,19.037802,0.007069116033984413,-0.6189679168124507,0.5111150828128804
601727,上海电气,unknown,20260520,2026-05-20,20260331,2026-04-30,0.12391573729863703,0.3989077006464339,0.6607142857142857,0.9263392857142857,0.69,18.356684,0.09319770284616968,0.30153370350223563,0.44321148688935236
601728,中国电信,unknown,20260520,2026-05-20,20260331,2026-04-24,0.134948096885813,1.2395925461747082,0.7845622119815668,0.6993087557603687,1.58,28.123671,-0.023157508457848586,-0.17081240941886633,0.28176513303316497
601766,中国中车,unknown,20260520,2026-05-20,20260331,2026-04-30,-0.05853658536585371,-0.03556490987558403,0.03459821428571429,0.036830357142857144,1.94,23.813953,0.10574623980210918,0.10655527484869842,0.21362659925431346
601788,光大证券,unknown,20260520,2026-05-20,20260331,2026-04-30,-0.03229974160206717,-0.1877427633691734,0.09263392857142858,0.046875,1.74,49.72509,0.2310068939221075,0.4234494978328158,0.19262695624113993
601800,中国交建,unknown,20260520,2026-05-20,20251231,2026-03-31,-0.14,0.008092800597251149,0.7957589285714286,0.0011160714285714285,4.79,11.370912,-0.05289955447721095,-0.36917054397994586,0.18668869686959544
601816,京沪高铁,unknown,20260520,2026-05-20,20260331,2026-04-30,-0.008113590263691739,0.14005789675557523,0.004464285714285714,0.0078125,1.51,45.818868,0.032863316356492644,0.06029549131113465,0.16885905583336078
601818,光大银行,unknown,20260520,2026-05-20,20260331,2026-04-30,-0.01572327044025168,0.1399714949894273,0.7254464285714286,0.05022321428571429,1.995,45.89293,-0.03853593664994259,-0.08063222079589216,0.14025181423009944
601825,沪农商行,unknown,20260520,2026-05-20,20260331,2026-04-23,-0.049234135667396206,-0.27686964385767965,0.7476958525345622,0.5518433179723502,2.765,66.879158,0.012313689873792999,0.007252179329268804,0.18971192258677794
601838,成都银行,unknown,20260520,2026-05-20,20260331,2026-04-23,0.08415554265815439,-0.17072698072234138,0.6573660714285714,0.3671875,3.5,59.70367,0.06542798987787446,0.04808494899195792,0.17575076324121544
601857,中国石油,unknown,20260520,2026-05-20,20260331,2026-04-30,0.008673026886383495,-0.05298191893822457,0.9419642857142857,0.9553571428571429,3.0,22.924076,-0.022140451706114783,0.01858798735511069,0.47436045093679446
601868,中国能建,unknown,20260520,2026-05-20,20260331,2026-04-30,0.05841924398625431,0.0029884941663427256,0.9929245283018868,0.7995283018867925,1.246,10.797012,0.016413615408834792,-0.09752760633799451,0.6055793783782639
601872,招商轮船,unknown,20260520,2026-05-20,20260331,2026-04-25,-0.0442048517520216,-0.13803139125935415,0.8158482142857143,0.9665178571428571,6.28,41.793716,0.5291773001206375,2.193070304187576,0.8018797883549411
601877,正泰电器,unknown,20260520,2026-05-20,20260331,2026-04-16,0.005655042412818112,0.2409328848843446,0.6573660714285714,0.5345982142857143,2.82,20.676328,0.46326062685158864,0.08918288415389153,0.441942475700809
601878,浙商证券,unknown,20260520,2026-05-20,20260331,2026-04-28,-0.011387163561076497,-0.23513422842407727,0.005580357142857143,0.005580357142857143,2.02,43.471174,0.4081602778750193,0.3520165672113251,0.19198405750654599
601881,中国银河,unknown,20260520,2026-05-20,20260331,2026-04-30,-0.03328173374612997,-0.10679107285722422,0.20870535714285715,0.15736607142857142,2.53,55.150152,0.15662194699402843,0.10092091237115164,0.24666350906199278
601888,中国中免,unknown,20260520,2026-05-20,20260331,2026-04-30,-0.13445126515945505,0.1826465496147529,0.25558035714285715,0.0011160714285714285,4.16,33.631758,0.009552812448886616,0.21180288339946052,0.31070959944302673
601898,中煤能源,unknown,20260520,2026-05-20,20260331,2026-04-28,0.043345543345543414,-0.007341654574237744,0.9709821428571429,0.9642857142857143,2.37,25.509379,-0.10947389642860961,-0.03186567635895965,0.5531594921186009
601899,紫金矿业,unknown,20260520,2026-05-20,20260331,2026-04-22,-0.12496400806219399,-0.009482337322434087,0.13169642857142858,0.6953125,10.35,36.325753,0.24793769675474597,0.9750006633739421,0.42349428485229634
601901,方正证券,unknown,20260520,2026-05-20,20260331,2026-04-30,-0.009943181818181879,-0.042364171957208874,0.002232142857142857,0.002232142857142857,2.88,54.731855,0.14695238896077245,0.2434651359363187,0.1972124771257743
601916,浙商银行,unknown,20260520,2026-05-20,20260331,2026-04-30,-0.009933774834437026,0.01567778746977444,0.9575892857142857,0.15290178571428573,3.315,47.603257,0.00496930722011113,0.007228105563960252,0.15547886823345625
601919,中远海控,unknown,20260520,2026-05-20,20260331,2026-04-30,-0.015625,0.23265521601891437,0.8950892857142857,0.3404017857142857,2.51,17.241117,-0.10634056175085238,-0.49746292864804964,0.3195366814664642
601939,建设银行,unknown,20260520,2026-05-20,20260331,2026-04-30,0.046758767268862966,0.0025768198317286384,0.9743303571428571,0.953125,2.4625,47.021149,0.11146419740095759,0.035272522225288316,0.180080093649057
601985,中国核电,unknown,20260520,2026-05-20,20260331,2026-04-30,0.03682393555811281,-0.057309648092734644,0.9029017857142857,0.25558035714285715,1.73,39.501801,-0.0664854773008009,-0.34191281406826446,0.1738385340855881
601988,中国银行,unknown,20260520,2026-05-20,20260331,2026-04-30,-0.0121317157712304,0.15544873032373396,0.8895089285714286,0.8359375,2.115,41.800767,0.08438176427432409,0.04170038996394676,0.16895358240224886
601995,中金公司,unknown,20260520,2026-05-20,20260331,2026-04-30,0.014467080011809852,0.018050138007210004,0.010044642857142858,0.07142857142857142,3.35,50.580742,0.5426139123898579,0.7519470039139868,0.17319479894445203
601998,中信银行,unknown,20260520,2026-05-20,20260331,2026-04-30,-0.040100250626566414,-0.13670718610128052,0.8783482142857143,0.8325892857142857,2.7775,43.104173,0.05233868017176646,0.03019119380798596,0.18900860483672266
603019,中科曙光,unknown,20260520,2026-05-20,20260331,2026-04-25,0.0941583826650283,0.07502715996140319,0.9408482142857143,0.9296875,1.02,26.557524,0.237100491766558,0.22186116316175397,0.4320631035649739
603259,药明康德,unknown,20260520,2026-05-20,20260331,2026-04-28,0.03730961872636218,-0.16571263998802344,0.12053571428571429,0.30691964285714285,5.68,50.402592,0.2880681350545131,0.2667667359492536,0.4086849921710246
603260,合盛硅业,unknown,20260520,2026-05-20,20260331,2026-04-30,-0.03674960054782017,-0.004583023815475706,0.11272321428571429,0.07142857142857142,0.26,19.084514,-0.04249167277405952,-0.7021392510986619,0.41026945931000136
603288,海天味业,unknown,20260520,2026-05-20,20260331,2026-04-28,-0.10169057377049173,-0.09514884141713043,0.0011160714285714285,0.0011160714285714285,5.97,41.995545,0.08565783192708798,0.10968251711789789,0.2497641442212037
603296,华勤技术,unknown,20260520,2026-05-20,20260331,2026-04-30,0.12734409071085895,-0.01613578910341651,0.8741396263520157,0.9646017699115044,4.03,8.539906,0.1642393349874236,0.25961488109935704,0.5223762938027988
603369,今世缘,unknown,20260520,2026-05-20,20260331,2026-04-29,0.10340632603406319,-0.019233640892904247,0.13950892857142858,0.016741071428571428,8.03,74.400313,-0.15230407799301737,-0.1576146310081551,0.31977153982075596
603392,万泰生物,unknown,20260520,2026-05-20,20260331,2026-04-28,-0.03706505295007567,-0.11995394817637184,0.34486607142857145,0.006696428571428571,-0.36,69.857803,0.3063205737945791,-0.18555670142685787,0.36893808247377313
603501,豪威集团,unknown,20260520,2026-05-20,20260331,2026-04-30,0.08875739644970415,-0.032228327639269416,0.359375,0.011160714285714286,1.56,29.380635,-0.008972203852339544,-0.4192071575462485,0.39515649491020854
603799,华友钴业,unknown,20260520,2026-05-20,20260331,2026-04-17,-0.11502132845825708,-0.17569796407851768,0.22321428571428573,0.38392857142857145,5.05,20.685805,0.4462378543185055,0.9944574669527941,0.467307796888615
603893,瑞芯微,unknown,20260520,2026-05-20,20260331,2026-04-22,0.13496753056806865,0.31824107117033384,0.21428571428571427,0.6774553571428571,7.23,43.042024,0.3621520262379383,0.5714890563532458,0.4213551662807505
603986,兆易创新,unknown,20260520,2026-05-20,20260331,2026-04-30,0.5400637693214112,0.23861560034393126,0.5892857142857143,0.9944196428571429,6.12,57.076718,1.1937867583680521,5.227881381914544,0.6705530941082456
603993,洛阳钼业,unknown,20260520,2026-05-20,20260331,2026-04-25,-0.11228070175438587,-0.014301880261931799,0.296875,0.8683035714285714,9.06,22.884939,0.4433616810727994,0.9665496191262919,0.5169142297429346
605117,德业股份,unknown,20260520,2026-05-20,20260331,2026-04-30,0.17857493857493867,0.1796104778303158,0.6473214285714286,0.6127232142857143,10.87,41.446767,0.7376755192225697,0.6836578908958162,0.6549203578912381
605499,东鹏饮料,unknown,20260520,2026-05-20,20260331,2026-04-30,-0.01734485260172791,0.40166126575989947,0.004464285714285714,0.004464285714285714,8.42,46.88969,0.2145548209913255,0.2830719615108246,0.40768341229592187
688008,澜起科技,unknown,20260520,2026-05-20,20260331,2026-04-28,0.7064597426714418,0.16165779356957866,0.9486607142857143,0.9720982142857143,5.39,69.78822,0.19514563386019068,0.6130464033993444,0.7416085818204917
688009,中国通号,unknown,20260520,2026-05-20,20260331,2026-04-30,-0.09107806691449816,0.014834404449360239,0.20424107142857142,0.044642857142857144,1.04,27.424558,-0.035356413851931445,-0.07162797272812327,0.29603516957522175
688012,中微公司,unknown,20260520,2026-05-20,20260331,2026-04-28,0.5615443062019183,0.38257517065182256,0.8805803571428571,0.9654017857142857,4.0,39.892564,0.3412853769759474,1.9720199782070367,0.5495562554379101
688036,传音控股,unknown,20260520,2026-05-20,20260331,2026-04-28,0.2224797219003476,0.3644345036192578,0.6941964285714286,0.09151785714285714,3.35,22.004668,0.24579536327278317,0.42904909923434054,0.45376549495652735
688041,海光信息,unknown,20260520,2026-05-20,20260331,2026-04-08,0.21821609973834066,0.04382679042445137,0.9876632801161103,0.9934687953555879,2.99,55.603983,0.6805592058147492,0.35817794136999015,0.6321448596918967
688047,龙芯中科,unknown,20260520,2026-05-20,20260331,2026-04-29,0.14664640464184564,-0.16422176171442504,0.19481429572529782,0.9817799579537492,-4.65,34.870788,0.07962261537195658,-0.24662924263259467,0.540579393936698
688072,拓荆科技,unknown,20260520,2026-05-20,20260331,2026-04-28,0.6264834798656858,0.33384221451415774,0.6219839142091153,0.9845844504021448,8.25,41.689075,0.5696734185625845,-4.88291766570018,0.6239552486677399
688082,盛美上海,unknown,20260520,2026-05-20,20260331,2026-04-28,0.3385006353240152,0.585271702383366,0.7946537059538274,0.6002430133657352,0.77,45.637953,0.13062232831729736,-0.5766364866721703,0.5447573734869546
688111,金山办公,unknown,20260520,2026-05-20,20260331,2026-04-24,0.004241567360129261,-0.09470586782257617,0.002232142857142857,0.004464285714285714,15.7,86.593651,0.23954024902969362,4.449659523721703,0.3949715204293041
688126,沪硅产业,unknown,20260520,2026-05-20,20260331,2026-04-30,0.616657473800331,0.5329495530898258,0.28794642857142855,0.7645089285714286,-2.87,-11.846601,0.3521677446834064,1.3166627750841,0.6553755141480181
688183,生益电子,unknown,20260520,2026-05-20,20260331,2026-04-29,-0.05652134340584336,0.04820669131165256,0.49330357142857145,0.9151785714285714,7.47,35.205505,0.5262092922163832,1.221559998920275,0.6576703310747267
688223,晶科能源,unknown,20260520,2026-05-20,20260331,2026-04-30,-0.04604316546762599,0.18090951330023342,0.2366751269035533,0.4860406091370558,-5.4,6.156302,-0.11523848402689496,-0.028485362538130055,0.5813170314864391
688256,寒武纪,unknown,20260520,2026-05-20,20260331,2026-04-30,0.522960495428022,0.003180144023393394,0.8828125,0.9665178571428571,8.2,54.330376,1.5955547349373238,1.8503872248538205,0.6825805063266931
688271,联影医疗,unknown,20260520,2026-05-20,20260331,2026-04-29,-0.00867410161090465,0.0196225203132514,0.13084795321637427,0.02266081871345029,1.83,47.161431,0.17337627999668848,0.07778559659533313,0.2760266291077332
688303,大全能源,unknown,20260520,2026-05-20,20260331,2026-04-30,-0.03372302158273377,-0.07101782556524072,0.11337868480725624,0.19727891156462585,-2.08,-120.761483,-0.7921883973208286,0.4351097319506576,0.35661819924528687
688396,华润微,unknown,20260520,2026-05-20,20260331,2026-04-25,0.33218203982121075,0.07541012170496009,0.9453125,0.7131696428571429,1.4254,25.484978,0.21340131018804187,2.9655888777373605,0.4725693526865934
688472,阿特斯,unknown,20260520,2026-05-20,20260331,2026-04-28,0.1392884178652536,0.019237351484106657,0.83008356545961,0.6573816155988857,2.21,20.40881,-0.16959979977429895,9.990995906166596,0.4481963037687169
688506,百利天恒,unknown,20260520,2026-05-20,20260331,2026-04-28,-0.1711853614397265,-0.14434551594662648,0.4110479285134037,0.26645004061738425,-12.6,54.149966,0.40253343562970256,0.4574807965188741,0.5815532574380599
688521,芯原股份,unknown,20260520,2026-05-20,20260331,2026-04-30,0.22278911564625847,-0.08756132948587092,0.1328125,1.0,-10.38,32.294832,1.1447345915095886,0.5468712515067049,0.9068774022339715
688981,中芯国际,unknown,20260520,2026-05-20,20260331,2026-05-15,0.27159555259906876,0.38813012566806826,0.9497767857142857,0.9944196428571429,0.9,21.475859,0.08073898148497483,0.0035646510475724202,0.44877729410077183
