symbol,name,industry,asof_date,price_asof_date_x,financial_report_period,financial_announcement_date,momentum_20d,turnover_change,pe_percentile,pb_percentile,roe,gross_margin,revenue_growth_yoy,net_profit_growth_yoy,volatility_60d,price_asof_date_y,asof_close,future_date,future_close,forward_return_20d
000001,平安银行,unknown,20260520,2026-05-20,20260331,2026-04-25,-0.0215759849906191,-0.213753988461594,0.2979910714285714,0.0267857142857142,2.83,71.910876,0.0465157673025007,0.0302922814982973,0.1679651973553983,2026-05-20,10.43,2026-06-17,10.78,0.0335570469798658
000002,万科A,unknown,20260520,2026-05-20,20260331,2026-04-30,-0.0909090909090908,0.0158589361381848,0.3504464285714285,0.2421875,-5.23,9.145383,-0.2386325595234685,-0.0470769289344534,0.3051076887636642,2026-05-20,3.6,2026-06-17,3.09,-0.1416666666666667
000063,中兴通讯,unknown,20260520,2026-05-20,20260331,2026-04-25,0.0523634305123126,-0.0362412701846859,0.9955307262569832,0.5401785714285714,1.72,28.276157,0.0612669555834963,-0.4658165020634509,0.3713607241522784,2026-05-20,37.18,2026-06-17,37.64,0.0123722431414738
000100,TCL科技,unknown,20260520,2026-05-20,20260331,2026-04-30,-0.0165876777251183,0.0031625992100987,0.3754189944134078,0.1149553571428571,2.47,12.497483,0.08370838887481,0.5371204827758869,0.3316094244468415,2026-05-20,4.15,2026-06-17,5.12,0.233734939759036
000157,中联重科,unknown,20260520,2026-05-20,20260331,2026-04-29,-0.1016109045848823,-0.2261426454480488,0.2600446428571428,0.4676339285714285,1.52,27.692633,0.0689364277550359,-0.3730209773081916,0.402239316593128,2026-05-20,7.25,2026-06-17,7.63,0.0524137931034482
000166,申万宏源,unknown,20260520,2026-05-20,20260331,2026-04-30,-0.0569620253164557,0.1407147815082088,0.0055803571428571,0.0022321428571428,2.08,55.146892,0.1171766856374336,0.1915405509848056,0.1893137194021926,2026-05-20,4.47,2026-06-17,4.57,0.0223713646532439
000301,东方盛虹,unknown,20260520,2026-05-20,20260331,2026-04-29,0.0451930977814298,-0.0759072194960153,0.6975446428571429,0.5904017857142857,4.11,18.92074,0.056518178366302,3.1986308476394143,0.4630777909285251,2026-05-20,12.72,2026-06-17,12.27,-0.0353773584905661
000333,美的集团,unknown,20260520,2026-05-20,20260331,2026-04-30,0.0362364907819452,0.1345081872314661,0.6659217877094972,0.4464285714285714,5.56,25.571131,0.0245463502194736,0.0203122095681187,0.2027519550083676,2026-05-20,81.5,2026-06-17,79.22,-0.0279754601226993
000338,潍柴动力,unknown,20260520,2026-05-20,20260331,2026-04-30,0.2305660377358489,-0.0847501844817695,0.9921875,0.9832402234636872,3.27,21.430759,0.0887410224664864,0.1383110155966265,0.601717967998822,2026-05-20,32.61,2026-06-17,29.28,-0.1021159153633853
000408,藏格矿业,unknown,20260520,2026-05-20,20260331,2026-04-18,-0.0582203889216264,0.0665914243347385,0.6796875,0.8816964285714286,9.24,64.231124,0.2960846818591527,1.1060445278939968,0.4182158330505054,2026-05-20,79.91,2026-06-17,77.18,-0.0341634338630958
000425,徐工机械,unknown,20260520,2026-05-20,20260331,2026-04-29,-0.0472361809045225,-0.0630463752434129,0.7410714285714286,0.8279329608938547,3.34,22.051513,0.0925845175204056,0.0086237121656489,0.5138995078482962,2026-05-20,9.48,2026-06-17,9.25,-0.0242616033755275
000538,云南白药,unknown,20260520,2026-05-20,20260331,2026-04-30,-0.0542000372508846,-0.2478607726289473,0.0033482142857142,0.0066964285714285,4.96,30.633088,0.0702280674461037,0.0530679752173206,0.1296015978208223,2026-05-20,50.78,2026-06-17,48.91,-0.0368255218589996
000568,泸州老窖,unknown,20260520,2026-05-20,20260331,2026-04-29,-0.0889328063241107,0.1155413722102551,0.1553072625698324,0.0011173184357541,7.32,85.817777,-0.1418913447396839,-0.1925478672546567,0.2318816608460029,2026-05-20,92.2,2026-06-17,82.94,-0.1004338394793926
000596,古井贡酒,unknown,20260520,2026-05-20,20260331,2026-04-29,-0.0876543209876543,0.0263235003001602,0.2901785714285714,0.0022321428571428,6.3,77.845659,-0.1859036639376574,-0.3103085280394801,0.3340243295695143,2026-05-20,96.07,2026-06-17,84.06,-0.1250130113458935
000617,中油资本,unknown,20260520,2026-05-20,20260331,2026-04-27,-0.086446104589114,-0.0732936094178692,0.7946428571428571,0.7966480446927374,1.49,57.235599,-0.1723747512722055,0.2288530805349873,0.5700172091867003,2026-05-20,8.56,2026-06-17,7.31,-0.1460280373831777
000625,长安汽车,unknown,20260520,2026-05-20,20260331,2026-04-28,-0.1570576540755467,0.2512852899418203,0.7879464285714286,0.0011173184357541,0.45,14.075789,-0.0425680140854377,-0.7408744866333075,0.1545812747879402,2026-05-20,8.48,2026-06-17,7.39,-0.1285377358490567
000630,铜陵有色,unknown,20260520,2026-05-20,20260331,2026-04-29,-0.079937304075235,0.0087077155521189,0.8536312849162011,0.8861607142857143,3.59,7.576958,0.8359203757090372,0.1911712880053853,0.4880257802036145,2026-05-20,5.87,2026-06-17,7.56,0.2879045996592844
000651,格力电器,unknown,20260520,2026-05-20,20260331,2026-04-29,0.0692828146143436,-0.2115132661846749,0.3504464285714285,0.0223214285714285,4.07,27.415781,0.0346152317074131,0.0300958796705475,0.1847018161054515,2026-05-20,39.51,2026-06-17,37.15,-0.0597317134902556
000657,中钨高新,unknown,20260520,2026-05-20,20260331,2026-04-27,-0.0167498218104061,-0.2474172267494202,0.9352678571428572,0.9598214285714286,9.03,30.450264,1.0647162841370146,2.64444359498522,0.7156923365485791,2026-05-20,55.18,2026-06-17,89.53,0.6225081551286697
000708,中信特钢,unknown,20260520,2026-05-20,20260331,2026-04-23,-0.1269254467036352,-0.0611230293529557,0.4223463687150838,0.2435754189944134,3.41,14.432855,-0.0128745853732291,0.0922792890146715,0.3164930944681761,2026-05-20,14.17,2026-06-17,13.61,-0.0395201129146083
000725,京东方A,unknown,20260520,2026-05-20,20260331,2026-04-30,0.057644110275689,0.1251826700999685,0.5910614525139665,0.4453125,1.26,15.595721,0.0079513420477401,0.0577575785685866,0.2860906456947741,2026-05-20,4.22,2026-06-17,6.65,0.575829383886256
000768,中航西飞,unknown,20260520,2026-05-20,20260331,2026-04-29,-0.0714577378521845,-0.0554120277559614,0.0022321428571428,0.0033519553072625,1.31,8.755926,-0.1701947875549622,-0.1472821055366647,0.3351416252381893,2026-05-20,22.74,2026-06-17,21.14,-0.0703605980650834
000776,广发证券,unknown,20260520,2026-05-20,20260331,2026-04-28,-0.0338140228741918,-0.3091731908233261,0.0011173184357541,0.5011160714285714,3.32,53.447282,0.64334766481177,0.707328073430963,0.2941818342946756,2026-05-20,19.43,2026-06-17,21.42,0.1024189397838395
000792,盐湖股份,unknown,20260520,2026-05-20,20260331,2026-04-30,-0.132752705199261,0.0019445619267526,0.4815642458100558,0.5078125,6.54,68.722459,0.9489197680942416,1.5478404989642418,0.5031147302030442,2026-05-20,32.86,2026-06-17,30.87,-0.0605599513085818
000807,云铝股份,unknown,20260520,2026-05-20,20260331,2026-04-24,-0.1692946058091285,0.1222966892395973,0.5546875,0.8337053571428571,10.64,31.574311,0.1368408938240199,2.6945356353763987,0.5233364526951071,2026-05-20,30.03,2026-06-17,25.0,-0.1674991674991675
000858,五 粮 液,unknown,20260520,2026-05-20,20260331,2026-04-30,-0.1609071274298056,0.200198792370507,0.7016759776536313,0.0011173184357541,6.5,81.434385,0.3366696360864269,0.8256778567096432,0.1789567522765041,2026-05-20,85.47,2026-06-17,77.49,-0.0933660933660933
000895,双汇发展,unknown,20260520,2026-05-20,20260331,2026-04-29,-0.0485155684286748,-0.1673202776485119,0.421875,0.2444196428571428,5.87,19.702609,0.0212052471035948,0.1358983117353787,0.19390670221339,2026-05-20,26.28,2026-06-17,23.05,-0.1229071537290715
000938,紫光股份,unknown,20260520,2026-05-20,20260331,2026-04-29,0.1628664495114007,-0.0818345748909081,0.7756696428571429,0.9441964285714286,5.21,12.882941,0.346087720553208,1.2605586077008408,0.4809154848212331,2026-05-20,32.13,2026-06-17,27.21,-0.1531279178338002
000963,华东医药,unknown,20260520,2026-05-20,20260331,2026-04-24,-0.1396383041802549,0.090470467813414,0.0011173184357541,0.0011160714285714,3.97,33.943073,0.0416981900748529,0.0956379807591829,0.2978939095480633,2026-05-20,29.02,2026-06-17,27.7,-0.045485871812543
000975,山金国际,unknown,20260520,2026-05-20,20260331,2026-04-22,-0.1906228610540725,0.1871825133152467,0.0122767857142857,0.7821229050279329,8.93,40.667789,0.3740839601363783,1.0088845375910749,0.5770439988606769,2026-05-20,23.65,2026-06-17,21.88,-0.0748414376321352
000977,浪潮信息,unknown,20260520,2026-05-20,20260331,2026-04-30,0.0445813169086377,-0.0509519129802997,0.9329608938547486,0.9330357142857144,2.75,6.639155,-0.2430312199215879,0.3073707751312211,0.5036835742962011,2026-05-20,71.23,2026-06-17,64.5,-0.0944826617998034
000988,华工科技,unknown,20260520,2026-05-20,20260331,2026-04-27,0.4005494033822647,0.0871418413315698,1.0,1.0,5.61,19.811644,0.2713133155037202,0.5575870145748911,0.7071098462580527,2026-05-20,163.15,2026-06-17,170.51,0.0451118602513023
000999,华润三九,unknown,20260520,2026-05-20,20260331,2026-04-25,-0.1014546810891457,-0.3333004266474421,0.0022321428571428,0.0625,4.74,57.679586,0.1862043421006369,-0.1529168597975589,0.1843958337063118,2026-05-20,24.09,2026-06-17,23.79,-0.012453300124533
001391,国货航,unknown,20260520,2026-05-20,20260331,2026-04-29,-0.0056710775047259,0.7310835706754244,0.1143984220907297,0.019723865877712,1.74,12.296577,0.0073346710115393,-0.1844583631918257,0.2019249152411399,2026-05-20,5.26,2026-06-17,4.53,-0.1387832699619771
001965,招商公路,unknown,20260520,2026-05-20,20260331,2026-04-25,0.0866228070175438,0.0479733794283561,0.9296875,0.3560267857142857,1.9,25.86803,0.2689608565721122,0.0149611903132338,0.2773375289852278,2026-05-20,9.91,2026-06-17,9.8,-0.0110998990918264
001979,招商蛇口,unknown,20260520,2026-05-20,20260331,2026-04-30,0.0101694915254237,0.0163137898125467,0.9933035714285714,0.1774553571428571,0.04,10.194059,0.1574341167011568,-0.9121797135754002,0.3379058924354922,2026-05-20,8.94,2026-06-17,7.53,-0.157718120805369
002001,新和成,unknown,20260520,2026-05-20,20260331,2026-04-29,-0.1375886524822696,-0.2140009364424683,0.2256983240223463,0.6737430167597765,5.37,42.880977,0.1571950771391126,-0.0280239964448615,0.462739627022898,2026-05-20,30.4,2026-06-17,28.5,-0.0625
002027,分众传媒,unknown,20260520,2026-05-20,20260331,2026-04-29,-0.0885668276972624,0.0670441188915773,0.7544642857142857,0.3191964285714285,12.13,68.740819,0.0200926917014121,0.5764605334981621,0.2582312731934649,2026-05-20,5.66,2026-06-17,5.12,-0.0954063604240282
002028,思源电气,unknown,20260520,2026-05-20,20260331,2026-04-25,-0.039756782039289,-0.0107412142085744,0.9553571428571428,0.9374301675977652,3.48,28.950384,0.4159559230751786,0.2316986834820982,0.4947534906256032,2026-05-20,205.3,2026-06-17,186.93,-0.0894788114953726
002049,紫光国微,unknown,20260520,2026-05-20,20260331,2026-04-28,0.1153793387295925,0.0583337427675918,0.4274553571428571,0.3493303571428571,2.4,52.581069,0.4610709920817148,1.8027101427409715,0.3769295645221032,2026-05-20,81.3,2026-06-17,80.0,-0.015990159901599
002050,三花智控,unknown,20260520,2026-05-20,20260331,2026-04-30,0.1100131752305664,0.3290415364860508,0.8482142857142857,0.5256696428571429,2.88,27.796688,0.0135739756943542,0.0267934507988585,0.3750717612784007,2026-05-20,50.55,2026-06-17,44.6,-0.1177052423343223
002074,国轩高科,unknown,20260520,2026-05-20,20260331,2026-04-29,-0.1021625652498136,-0.2005851840112212,0.1071428571428571,0.5223214285714286,0.07,16.05657,0.292964776523146,-0.7903938444990801,0.3705735452110697,2026-05-20,36.12,2026-06-17,30.12,-0.1661129568106311
002142,宁波银行,unknown,20260520,2026-05-20,20260331,2026-04-25,0.0054592164418754,-0.2488696617142135,0.4910714285714285,0.4201117318435754,3.595,43.72547,0.1021357123546904,0.1030066064446542,0.2146402924542732,2026-05-20,31.31,2026-06-17,31.44,0.0041520281060365
002179,中航光电,unknown,20260520,2026-05-20,20260331,2026-04-25,0.1625923820352472,0.0181904627004507,0.7821229050279329,0.2578125,1.63,27.996145,0.0069385539399404,-0.3775422162944665,0.4240055953244322,2026-05-20,40.9,2026-06-17,38.82,-0.0508557457212713
002202,金风科技,unknown,20260520,2026-05-20,20260331,2026-04-25,-0.0035447026388342,-0.2308406277482376,0.8549107142857143,0.9341517857142856,2.23,16.762874,0.6347910291970178,0.5964766067741036,0.5575903318390912,2026-05-20,25.3,2026-06-17,21.98,-0.1312252964426877
002230,科大讯飞,unknown,20260520,2026-05-20,20260331,2026-04-29,-0.0049751243781095,0.0961041468779564,0.3939732142857143,0.3125,-0.91,38.97253,0.1323309070210259,-0.1217433236841695,0.297637983846399,2026-05-20,48.0,2026-06-17,41.59,-0.1335416666666665
002236,大华股份,unknown,20260520,2026-05-20,20260331,2026-04-18,-0.0596696856686201,-0.0858986142417957,0.4040178571428571,0.2745535714285714,1.83,43.765401,0.103293393480591,0.0680782213273987,0.2677309696126023,2026-05-20,17.65,2026-06-17,16.31,-0.0759206798866856
002241,歌尔股份,unknown,20260520,2026-05-20,20260331,2026-04-24,0.037052456286428,0.1229675630077793,0.2120535714285714,0.4815642458100558,1.37,13.766487,0.1443568906266743,0.0728257767238145,0.3310353330067465,2026-05-20,24.91,2026-06-17,23.68,-0.0493777599357687
002304,洋河股份,unknown,20260520,2026-05-20,20260331,2026-04-28,-0.0983112183353438,0.1819785504689557,0.9877232142857144,0.0011160714285714,5.09,75.416194,-0.2602939129059201,-0.327334580372817,0.1797506191497374,2026-05-20,44.85,2026-06-17,42.08,-0.0617614269788183
002311,海大集团,unknown,20260520,2026-05-20,20260331,2026-04-28,-0.0625400213447171,0.1153544474832124,0.2109375,0.0044642857142857,3.55,9.921644,0.1319061091240951,-0.3082066306955302,0.3391299934481802,2026-05-20,43.92,2026-06-17,41.58,-0.0532786885245902
002352,顺丰控股,unknown,20260520,2026-05-20,20260331,2026-04-29,-0.015164047422112,-0.1133690456508376,0.0022321428571428,0.0011173184357541,2.52,13.737617,0.0614488428076169,0.1304858076525927,0.1900940247546042,2026-05-20,35.72,2026-06-17,32.2,-0.0985442329227322
002353,杰瑞股份,unknown,20260520,2026-05-20,20260331,2026-04-17,0.1225335765213067,-0.1038390815949096,0.9888392857142856,0.9888392857142856,2.52,33.616605,0.2248072842923634,0.263218672482078,0.6839738271494196,2026-05-20,135.4,2026-06-17,157.65,0.164327917282127
002371,北方华创,unknown,20260520,2026-05-20,20260331,2026-04-30,0.3960120022983124,0.1286576395527219,0.7284916201117319,0.829050279329609,4.25,40.772789,0.2579609024194313,0.0341820163451886,0.4940865984324644,2026-05-20,656.0,2026-06-17,704.22,0.0735060975609755
002384,东山精密,unknown,20260520,2026-05-20,20260331,2026-04-28,0.3756940160394819,-0.0352120163209768,0.9910614525139664,1.0,5.05,19.327535,0.5272343274234259,1.4347103169782645,0.6993856054158005,2026-05-20,223.0,2026-06-17,256.92,0.1521076233183858
002415,海康威视,unknown,20260520,2026-05-20,20260331,2026-04-18,0.0049397962334052,-0.1721106659631567,0.1886160714285714,0.1328125,3.28,49.085471,0.1178284513812466,0.3641996536797005,0.2549413361464868,2026-05-20,32.55,2026-06-17,32.36,-0.0058371735791089
002422,科伦药业,unknown,20260520,2026-05-20,20260331,2026-04-29,-0.0800230282095567,-0.0390465241905818,0.9676339285714286,0.2678571428571428,1.86,45.313711,-0.0297619984388495,-0.223437694653757,0.4301260503545085,2026-05-20,31.96,2026-06-17,35.62,0.1145181476846055
002460,赣锋锂业,unknown,20260520,2026-05-20,20260331,2026-04-30,-0.0819652629074471,-0.1474230491015196,0.8268156424581006,0.5926339285714286,4.02,29.718673,1.4381349449959853,-6.163357219347345,0.5130812627444957,2026-05-20,77.17,2026-06-17,71.32,-0.0758066606194117
002463,沪电股份,unknown,20260520,2026-05-20,20260331,2026-04-23,0.0655282378356136,-0.1227737770097323,0.9832589285714286,0.984375,7.81,35.632417,0.5390614097654189,0.629033090550732,0.5945624365649422,2026-05-20,103.58,2026-06-17,146.55,0.4148484263371308
002466,天齐锂业,unknown,20260520,2026-05-20,20260331,2026-04-28,0.0226556639159789,-0.2364189613536129,0.9709497206703912,0.6049107142857143,4.31,62.65606,0.9843829227260856,16.991224018669723,0.5095201944970393,2026-05-20,68.16,2026-06-17,64.04,-0.0604460093896712
002475,立讯精密,unknown,20260520,2026-05-20,20260331,2026-04-29,0.1727196652719664,-0.1703097149933081,0.7743016759776536,0.71875,4.2,11.92052,0.3576894062010702,0.2024161935597475,0.5472868135890493,2026-05-20,70.07,2026-06-17,67.32,-0.0392464678178964
002493,荣盛石化,unknown,20260520,2026-05-20,20260331,2026-04-28,0.0406574394463665,-0.1311042643504933,0.6782122905027933,0.5401785714285714,6.26,19.693511,-0.1913436355738786,3.7846388798328894,0.5087355674913652,2026-05-20,12.03,2026-06-17,11.9,-0.0108063175394845
002532,天山铝业,unknown,20260520,2026-05-20,20260331,2026-04-29,-0.1963824289405684,0.0745139757873196,0.4497767857142857,0.8860335195530726,7.27,35.605213,0.065539033029897,1.0969647607983828,0.5438248726615504,2026-05-20,15.55,2026-06-17,12.55,-0.1929260450160771
002558,巨人网络,unknown,20260520,2026-05-20,20260331,2026-04-28,-0.1351603861725319,0.1119855343366647,0.4938547486033519,0.8035714285714286,6.81,95.377689,2.217004406829204,2.105778080960714,0.49422485058757,2026-05-20,27.77,2026-06-17,24.09,-0.1325171047893409
002594,比亚迪,unknown,20260520,2026-05-20,20260331,2026-04-29,-0.1004047022547697,-0.1947883544508035,0.5083798882681564,0.0189944134078212,1.65,18.806213,-0.1181913656390478,-0.5538440532671545,0.3521168496576449,2026-05-20,93.36,2026-06-17,87.47,-0.0630891173950299
002600,领益智造,unknown,20260520,2026-05-20,20260331,2026-04-30,0.1786492374727668,1.0107501845870064,0.987709497206704,0.9453125,1.62,16.543396,0.0999356512857223,-0.307049395634241,0.4162123670628289,2026-05-20,16.23,2026-06-17,15.85,-0.0234134319162045
002602,世纪华通,unknown,20260520,2026-05-20,20260331,2026-04-30,-0.1436077057793344,-0.0683664175593589,0.3497206703910614,0.8268156424581006,6.46,72.047882,0.3518554214783047,0.5017972384024945,0.415296101625245,2026-05-20,14.67,2026-06-17,13.08,-0.1083844580777095
002625,光启技术,unknown,20260520,2026-05-20,20260331,2026-04-28,-0.019814396789566,-0.1097571657825761,0.5150837988826815,0.6852678571428571,1.81,49.853559,0.4027931668284636,0.1702713179375741,0.3654114464335599,2026-05-20,39.08,2026-06-17,37.91,-0.0299385875127943
002648,卫星化学,unknown,20260520,2026-05-20,20260331,2026-04-14,-0.0663931368892203,0.0300417411460103,0.734375,0.5792410714285714,6.14,24.337942,0.0282200588133738,0.3497262144757285,0.5673958467192924,2026-05-20,25.03,2026-06-17,22.4,-0.1050739113064324
002709,天赐材料,unknown,20260520,2026-05-20,20260331,2026-04-28,0.1953833470733716,-0.1657702653526975,0.5212053571428571,0.5027932960893855,8.84,38.65346,0.9129078266885278,10.057510118643863,0.5924980064683053,2026-05-20,58.0,2026-06-17,52.85,-0.0887931034482758
002714,牧原股份,unknown,20260520,2026-05-20,20260331,2026-04-22,-0.1314679102820342,0.1072804409918675,0.8960893854748604,0.0011160714285714,-1.57,5.171922,-0.1710304164908438,-1.2705000164139153,0.3805835405890997,2026-05-20,39.11,2026-06-17,34.66,-0.113781641523907
002736,国信证券,unknown,20260520,2026-05-20,20260331,2026-04-30,-0.1549657534246575,-0.3255415038813363,0.0558035714285714,0.1205357142857142,1.83,54.021713,-0.045427217435879,-0.0962791482408633,0.2938721550888326,2026-05-20,9.87,2026-06-17,10.1,0.0233029381965552
002837,英维克,unknown,20260520,2026-05-20,20260331,2026-04-21,-0.0203601271036837,-0.0982431410780855,0.9921875,0.9463687150837988,0.25,24.293461,0.2602908356827331,-0.8196726402714036,0.6903117763913178,2026-05-20,83.24,2026-06-17,74.62,-0.1035559827006246
002916,深南电路,unknown,20260520,2026-05-20,20260331,2026-04-24,0.179562822107695,-0.1220154447667639,0.9754464285714286,0.9988839285714286,4.83,29.169011,0.3789944730356398,0.7300517686647927,0.6161554518880802,2026-05-20,331.87,2026-06-17,444.27,0.3386868352065566
002920,德赛西威,unknown,20260520,2026-05-20,20260331,2026-04-28,-0.1051850477692236,0.1569923476439132,0.0022321428571428,0.0033519553072625,2.95,18.596436,-0.0436958000729993,-0.2074038175708004,0.3326854270591484,2026-05-20,96.47,2026-06-17,88.2,-0.0857261324764174
002938,鹏鼎控股,unknown,20260520,2026-05-20,20260331,2026-04-30,0.4522261943451415,-0.1327705122495073,1.0,1.0,1.35,22.948496,-0.0124864389630238,-0.0520674737139589,0.6523252559053301,2026-05-20,89.37,2026-06-17,119.01,0.3316549177576369
003816,中国广核,unknown,20260520,2026-05-20,20260331,2026-04-29,0.0432801822323463,0.060550768385656,0.9921875,0.9129464285714286,2.2,39.372794,-0.1325016004530853,-0.0932784633733314,0.2657788568748006,2026-05-20,4.58,2026-06-17,4.19,-0.0851528384279475
300014,亿纬锂能,unknown,20260520,2026-05-20,20260331,2026-04-25,-0.0438155437437149,-0.1623027833762154,0.46875,0.4341517857142857,3.35,14.038297,0.6161017748273183,0.313489123781199,0.4879655589617352,2026-05-20,66.56,2026-06-17,67.54,0.0147235576923077
300015,爱尔眼科,unknown,20260520,2026-05-20,20260331,2026-04-24,0.0010570824524311,-0.0953351124756488,0.0268156424581005,0.0011160714285714,5.25,47.733116,0.0614579616114594,0.1246192247007125,0.3157002989508901,2026-05-20,9.47,2026-06-17,8.3,-0.1235480464625131
300033,同花顺,unknown,20260520,2026-05-20,20260331,2026-04-23,-0.0580371969445366,-0.0893633183153241,0.5519553072625698,0.8917410714285714,2.67,84.988113,0.4080630395873801,1.1258475463877566,0.4051886685330431,2026-05-20,226.9,2026-06-17,217.35,-0.0420890260026444
300059,东方财富,unknown,20260520,2026-05-20,20260331,2026-04-25,-0.0135406218655967,-0.0558725133919795,0.0669642857142857,0.171875,3.99,85.70517,0.4433801552734964,0.3766989204629791,0.3028662721167951,2026-05-20,19.67,2026-06-17,19.04,-0.0320284697508898
300122,智飞生物,unknown,20260520,2026-05-20,20260331,2026-04-28,-0.0471881060116354,-0.1664687565062866,0.1540178571428571,0.3638392857142857,-2.48,29.157583,-0.0864375082280319,0.1878519055333876,0.3540910398611815,2026-05-20,14.74,2026-06-17,12.61,-0.144504748982361
300124,汇川技术,unknown,20260520,2026-05-20,20260331,2026-04-28,0.1689406714701824,-0.0877830974667907,0.7631284916201118,0.1486033519553072,2.83,29.077055,0.1297976281041855,-0.2338736289107257,0.4173315761919264,2026-05-20,76.25,2026-06-17,69.75,-0.0852459016393443
300251,光线传媒,unknown,20260520,2026-05-20,20260331,2026-04-22,-0.1905339805825243,-0.1565103256762499,0.015625,0.7410714285714286,0.23,44.129931,-0.935918186359167,-0.9884533196808862,0.70132034056997,2026-05-20,13.34,2026-06-17,11.34,-0.1499250374812594
300274,阳光电源,unknown,20260520,2026-05-20,20260331,2026-04-28,0.2655161973963063,0.4313598947540824,0.5580357142857143,0.4681564245810056,4.81,33.262931,-0.1825867218095382,-0.4011570312262479,0.6063595750063188,2026-05-20,167.2,2026-06-17,149.15,-0.1079545454545454
300308,中际旭创,unknown,20260520,2026-05-20,20260331,2026-04-17,0.2200143531100364,-0.0617157112809088,0.9340782122905028,0.9966480446927374,17.54,46.058133,1.921169094232574,2.6228365713294144,0.5657941890971948,2026-05-20,1037.0,2026-06-17,1276.11,0.2305785920925747
300316,晶盛机电,unknown,20260520,2026-05-20,20260331,2026-04-28,0.2310030395136777,0.404682728432381,1.0,0.5189732142857143,0.6,29.443539,-0.4488228307791533,-0.8210029634918872,0.563921886032127,2026-05-20,56.7,2026-06-17,51.87,-0.0851851851851852
300394,天孚通信,unknown,20260520,2026-05-20,20260331,2026-04-21,-0.0534664448141984,0.1656750693940465,0.9620111731843576,0.9575892857142856,8.57,56.603933,0.4082427830731052,0.4578790203136782,0.8469968345514327,2026-05-20,255.99,2026-06-17,329.33,0.2864955662330559
300408,三环集团,unknown,20260520,2026-05-20,20260331,2026-04-24,0.4801789295079437,0.0040452631562464,1.0,1.0,3.59,43.488932,0.4625134848709036,0.4848352330095016,0.6002105499130621,2026-05-20,95.96,2026-06-17,155.46,0.6200500208420177
300413,芒果超媒,unknown,20260520,2026-05-20,20260331,2026-04-25,-0.1064133016627079,-0.0631854427441235,0.659217877094972,0.0011160714285714,0.85,23.31157,0.0634891414242975,-0.4737040916597704,0.2900109945828275,2026-05-20,18.81,2026-06-17,15.61,-0.1701222753854332
300418,昆仑万维,unknown,20260520,2026-05-20,20260331,2026-04-29,-0.0925503610794374,0.0046942260098461,0.0770089285714285,0.9308035714285714,-6.98,66.233597,0.4569128244411999,0.1534300570904234,0.6957743655952863,2026-05-20,47.75,2026-06-17,38.75,-0.1884816753926701
300433,蓝思科技,unknown,20260520,2026-05-20,20260331,2026-04-16,0.3970757983839941,0.7617675024498625,0.9285714285714286,0.9709821428571428,-0.27,14.554598,-0.1713422022998493,-1.3488133916247704,0.5994135965880056,2026-05-20,36.31,2026-06-17,51.21,0.4103552740291929
300442,润泽科技,unknown,20260520,2026-05-20,20260331,2026-04-10,0.0165447025135219,0.2186549119668421,0.6049107142857143,0.8592178770949721,4.17,46.798813,0.5355318005448095,0.3534834398843687,0.7613813062661082,2026-05-20,95.85,2026-06-17,81.17,-0.1531559728742826
300450,先导智能,unknown,20260520,2026-05-20,20260331,2026-04-29,-0.0775,-0.1451845234630949,0.4899553571428571,0.4558659217877095,3.03,33.612077,0.1911298099901321,0.1098993668484664,0.3981483713560457,2026-05-20,51.66,2026-06-17,48.13,-0.0683313975996902
300476,胜宏科技,unknown,20260520,2026-05-20,20260331,2026-04-29,0.0238343238772134,-0.0385466593158724,0.9128491620111732,0.9520089285714286,7.62,34.458493,0.2799278264953664,0.3994799885324656,0.6237900210866288,2026-05-20,334.2,2026-06-17,361.7,0.0822860562537401
300498,温氏股份,unknown,20260520,2026-05-20,20260331,2026-04-22,-0.144927536231884,0.0477956187400097,0.8761160714285714,0.0825892857142857,-2.59,2.707856,0.0030603100718349,-1.53152419835135,0.2644090174522225,2026-05-20,14.16,2026-06-17,12.49,-0.1179378531073446
300502,新易盛,unknown,20260520,2026-05-20,20260331,2026-04-24,-0.0017611918985173,-0.1785930435937783,0.7287946428571429,0.9251396648044692,14.52,49.160955,1.0575948145903613,0.7679983242812436,0.722786229959841,2026-05-20,419.43,2026-06-17,557.88,0.3300908375652671
300628,亿联网络,unknown,20260520,2026-05-20,20260331,2026-04-22,0.0975609756097561,-0.1649262935123059,0.241340782122905,0.1877094972067039,6.79,65.237071,0.1882590545012195,0.1667643468274127,0.3098779764108042,2026-05-20,37.8,2026-06-17,33.78,-0.1063492063492063
300661,圣邦股份,unknown,20260520,2026-05-20,20260331,2026-04-27,0.5096949327817994,-0.1058553971612092,0.6737430167597765,0.6261160714285714,2.31,51.628284,0.3908119723144698,1.0695942971911006,0.6164985302839469,2026-05-20,116.79,2026-06-17,131.55,0.1263806832776779
300750,宁德时代,unknown,20260520,2026-05-20,20260331,2026-04-16,-0.0516748599519836,-0.201511146071451,0.421875,0.4821428571428571,5.98,24.815621,0.5244869554824236,0.485237160697918,0.4006905135080534,2026-05-20,414.75,2026-06-17,399.0,-0.0379746835443037
300760,迈瑞医疗,unknown,20260520,2026-05-20,20260331,2026-04-29,-0.0124387728796081,-0.1757080162248631,0.0881696428571428,0.0011160714285714,5.96,61.870083,0.0139412906931235,-0.113720139814182,0.2716465757054948,2026-05-20,153.23,2026-06-17,143.35,-0.0644782353325066
300803,指南针,unknown,20260520,2026-05-20,20260331,2026-04-25,0.005726341169379,-0.0295729765958339,0.7653631284916201,0.8024553571428571,3.91,89.982389,0.3096279911199924,-0.1979602889070756,0.3696550752122289,2026-05-20,100.11,2026-06-17,97.79,-0.0231745080411546
300832,新产业,unknown,20260520,2026-05-20,20260331,2026-04-28,0.0855337395621755,0.0925069214927065,0.0714285714285714,0.0122767857142857,4.72,73.479355,0.0034009683846123,0.0102382295104823,0.3772391288258708,2026-05-20,48.1,2026-06-17,42.7,-0.1122661122661122
300866,安克创新,unknown,20260520,2026-05-20,20260331,2026-04-30,0.14548596112311,-0.1816564036062764,0.6927374301675978,0.7578125,4.35,43.640113,0.2693411967268901,-0.0487472906756859,0.5685434908268878,2026-05-20,132.59,2026-06-17,113.63,-0.1429972094426428
300896,爱美客,unknown,20260520,2026-05-20,20260331,2026-04-23,-0.0786674870352466,0.0753809864942287,0.125,0.0011160714285714,3.86,92.489468,-0.0447768458955076,-0.3278643921701548,0.3330448808084186,2026-05-20,104.82,2026-06-17,90.92,-0.1326082808624308
300999,金龙鱼,unknown,20260520,2026-05-20,20260331,2026-04-30,-0.0512273212379935,-0.0384198929387517,0.0011160714285714,0.0122767857142857,1.52,6.771983,0.1092160360060714,0.5097914945084281,0.2882696989046457,2026-05-20,26.67,2026-06-17,24.69,-0.0742407199100112
301165,锐捷网络,unknown,20260520,2026-05-20,20260331,2026-04-21,0.0272807274860662,-0.0413610771550915,0.9890368050117464,0.971025841816758,2.43,35.696828,0.1826164370688592,0.1458707318709653,0.6912463730333803,2026-05-20,70.04,2026-06-17,65.39,-0.0663906339234723
301236,软通动力,unknown,20260520,2026-05-20,20260331,2026-04-25,-0.0069617105917454,-0.0967286602907574,0.9914921465968588,0.4018324607329843,-2.82,7.783908,0.1578665554362024,0.7699108383839235,0.4730637318101408,2026-05-20,39.94,2026-06-17,38.48,-0.0365548322483726
301269,华大九天,unknown,20260520,2026-05-20,20260331,2026-04-28,0.2042220667133194,0.1411743057904961,0.0007183908045977,0.2952586206896552,-1.39,78.802401,0.0964904160156709,-8.515375791081276,0.4626090821262789,2026-05-20,103.25,2026-06-17,105.01,0.017046004842615
301308,江波龙,unknown,20260520,2026-05-20,20260331,2026-04-28,0.5424430081938396,0.0215484421705087,0.5588447653429602,0.9783393501805054,39.4,55.527428,1.3279283242027424,-26.440496580336394,0.8818868014624046,2026-05-20,570.38,2026-06-17,571.68,0.0022791822995196
302132,中航成飞,unknown,20260520,2026-05-20,20260331,2026-04-29,-0.0481751824817517,-0.0670481714622152,0.3314732142857143,0.3381696428571428,0.9,9.706345,0.7971160036156695,0.2315946624400306,0.3363829521844141,2026-05-20,65.2,2026-06-17,60.2,-0.0766871165644171
600000,浦发银行,unknown,20260520,2026-05-20,20260331,2026-04-30,-0.0933062880324543,0.3855159916881381,0.5854748603351956,0.4659217877094972,2.32,46.784617,0.0141762118374635,0.0149448801000113,0.1673060984841681,2026-05-20,8.94,2026-06-17,9.24,0.0335570469798658
600009,上海机场,unknown,20260520,2026-05-20,20260331,2026-04-30,-0.055045871559633,0.1766267918927699,0.5703125,0.0022321428571428,1.35,24.934587,0.0081458376553871,0.1133227487228611,0.1639240753831751,2026-05-20,25.75,2026-06-17,23.6,-0.0834951456310678
600010,包钢股份,unknown,20260520,2026-05-20,20260331,2026-04-29,-0.0909090909090908,-0.2507522053118141,0.0111607142857142,0.8671875,-0.89,6.601383,-0.1373188196612618,-11.290351444972014,0.505122358813904,2026-05-20,2.6,2026-06-17,2.4,-0.0769230769230769
600011,华能国际,unknown,20260520,2026-05-20,20260331,2026-04-29,0.0763688760806915,0.2284510149512635,0.464804469273743,0.1798882681564245,5.78,19.521102,-0.0588766932130424,-0.0983000068375598,0.2748852832356675,2026-05-20,7.47,2026-06-17,7.92,0.0602409638554217
600015,华夏银行,unknown,20260520,2026-05-20,20260331,2026-04-30,-0.0658263305322128,-0.1345170854772303,0.4810267857142857,0.1921787709497206,1.57,26.955568,0.3533032867978454,-0.0150108631246296,0.1997790216377357,2026-05-20,6.67,2026-06-17,6.82,0.0224887556221888
600016,民生银行,unknown,20260520,2026-05-20,20260331,2026-04-30,-0.0404312668463611,0.1210776758194327,0.6305803571428571,0.0111607142857142,2.02,34.403257,0.0274087958058295,-0.0963741955736933,0.1474568181914142,2026-05-20,3.56,2026-06-17,3.56,0.0
600018,上港集团,unknown,20260520,2026-05-20,20260331,2026-04-30,0.0365111561866127,0.1392283436218333,0.4100558659217877,0.0379888268156424,2.8021,39.423448,0.0804176665886098,0.0257150248226498,0.1589199068867819,2026-05-20,5.11,2026-06-17,4.97,-0.0273972602739727
600019,宝钢股份,unknown,20260520,2026-05-20,20260331,2026-04-30,-0.0524590163934425,0.0169854102922948,0.5680803571428571,0.0658482142857142,1.07,6.622047,0.0573762366174641,-0.0860871780509648,0.2209684362125532,2026-05-20,5.78,2026-06-17,5.59,-0.0328719723183391
600023,浙能电力,unknown,20260520,2026-05-20,20260331,2026-04-28,0.0943738656987296,0.6156374240598264,0.6808035714285714,0.7868303571428571,1.23,5.44992,-0.1102364121865902,-0.118403453313472,0.3512711520023358,2026-05-20,6.03,2026-06-17,6.04,0.001658374792703
600025,华能水电,unknown,20260520,2026-05-20,20260331,2026-04-29,-0.0063091482649842,0.4341854893146566,0.5993303571428571,0.4486607142857143,2.1,51.988639,0.0702046920584522,0.0232286844637938,0.2106277485807035,2026-05-20,9.45,2026-06-17,9.44,-0.0010582010582009
600026,中远海能,unknown,20260520,2026-05-20,20260331,2026-04-28,0.0314350797266516,-0.1180685693200048,0.7564245810055866,0.9140625,4.5762,42.658288,0.2692181748058242,2.067376066923279,0.7371942515921045,2026-05-20,22.64,2026-06-17,19.69,-0.1303003533568903
600027,华电国际,unknown,20260520,2026-05-20,20260331,2026-04-29,0.1271551724137933,0.2977907730072962,0.4877232142857143,0.2868303571428571,3.39,12.634887,-0.0943242286248164,-0.0993045623929902,0.2851173662693541,2026-05-20,5.23,2026-06-17,4.96,-0.0516252390057362
600028,中国石化,unknown,20260520,2026-05-20,20260331,2026-04-29,-0.0810313075506444,-0.2201901731757573,0.8513966480446927,0.3448660714285714,2.04,19.888919,-0.0389756798067875,0.2821170084439084,0.4019418679943041,2026-05-20,4.99,2026-06-17,4.85,-0.028056112224449
600029,南方航空,unknown,20260520,2026-05-20,20260331,2026-04-30,-0.0735551663747811,-0.1319669833984951,0.9732142857142856,0.3683035714285714,4.07,10.819974,0.1007901951298178,-2.9825970548862113,0.364717605649472,2026-05-20,5.29,2026-06-17,5.45,0.0302457466918715
600030,中信证券,unknown,20260520,2026-05-20,20260331,2026-04-25,-0.0069659442724457,-0.1868975195171694,0.0033482142857142,0.4547486033519553,3.46,57.093996,0.4091381560472926,0.5460182246042824,0.251273671745762,2026-05-20,25.66,2026-06-17,27.37,0.0666406858924395
600031,三一重工,unknown,20260520,2026-05-20,20260331,2026-04-30,-0.0376984126984127,-0.0989048719660224,0.2435754189944134,0.2142857142857142,2.77,27.480319,0.1402576162708115,0.0045930166870427,0.3945681789732315,2026-05-20,19.4,2026-06-17,18.91,-0.0252577319587627
600036,招商银行,unknown,20260520,2026-05-20,20260331,2026-04-29,-0.0594635627530364,-0.1365676694036635,0.3173184357541899,0.0435754189944134,3.37,51.374511,0.0380771572876741,0.0151799603068176,0.1404294582664836,2026-05-20,37.17,2026-06-17,38.23,0.0285176217379605
600039,四川路桥,unknown,20260520,2026-05-20,20260331,2026-04-30,-0.1633919338159255,-0.1424148978295146,0.5970982142857143,0.0825892857142857,2.8,14.239784,-0.0410246461912863,-0.1571543011734503,0.3588408243770047,2026-05-20,8.09,2026-06-17,8.35,0.0321384425216315
600048,保利发展,unknown,20260520,2026-05-20,20260331,2026-04-28,0.00164744645799,-0.1868724147642521,0.0613839285714285,0.0334821428571428,0.47,13.496984,-0.1573846933673742,-0.5706315396981284,0.3032194156546981,2026-05-20,6.08,2026-06-17,5.08,-0.1644736842105263
600050,中国联通,unknown,20260520,2026-05-20,20260331,2026-04-22,0.021551724137931,0.5880047508262616,0.3843575418994413,0.4703910614525139,1.24,23.727921,-0.0051233801085127,-0.1798900036224315,0.2764388145789116,2026-05-20,4.74,2026-06-17,4.35,-0.0822784810126583
600061,国投资本,unknown,20260520,2026-05-20,20260331,2026-04-30,-0.0653120464441218,-0.2366201328949024,0.264804469273743,0.064804469273743,1.39,67.839446,0.3181142026793644,0.126276557011598,0.2169224890005048,2026-05-20,6.44,2026-06-17,6.56,0.0186335403726707
600066,宇通客车,unknown,20260520,2026-05-20,20260331,2026-04-28,-0.061212477928193,-0.1476737960766431,0.015625,0.7779017857142857,4.14,23.55832,-0.0792063149820702,-0.1268851573024643,0.3791237410398373,2026-05-20,31.9,2026-06-17,27.14,-0.1492163009404388
600085,同仁堂,unknown,20260520,2026-05-20,20260331,2026-04-30,-0.0659935088351966,0.2069764199442687,0.2912946428571428,0.0011160714285714,3.4,41.657348,-0.1159336833335206,-0.1907060362664415,0.1753322410441935,2026-05-20,25.9,2026-06-17,23.94,-0.0756756756756755
600089,特变电工,unknown,20260520,2026-05-20,20260331,2026-04-30,-0.0230600292825767,-0.0989999312250158,0.8950892857142857,0.7321428571428571,2.5539,21.119184,0.0675042135450365,0.1339522025674673,0.4134062638656164,2026-05-20,26.69,2026-06-17,23.44,-0.1217684526039715
600104,上汽集团,unknown,20260520,2026-05-20,20260331,2026-04-30,-0.1099137931034481,0.0630824146587469,0.6841517857142857,0.0044642857142857,1.01,12.827926,-0.0031397257109176,0.0009338455273222,0.1983711738990864,2026-05-20,12.39,2026-06-17,10.56,-0.1476997578692493
600111,北方稀土,unknown,20260520,2026-05-20,20260331,2026-04-29,0.05440097799511,-0.0690517178642929,0.7678571428571429,0.7209821428571429,3.65,13.223781,0.2769358845811678,1.1311732452324677,0.5651193888682874,2026-05-20,51.75,2026-06-17,50.32,-0.0276328502415459
600115,中国东航,unknown,20260520,2026-05-20,20260331,2026-04-30,-0.0657596371882086,-0.0263229864204859,0.9921787709497206,0.8571428571428571,10.9,8.251484,0.1093815482248696,-2.641206030150754,0.4548908425293112,2026-05-20,4.12,2026-06-17,4.08,-0.0097087378640776
600118,中国卫星,unknown,20260520,2026-05-20,20260331,2026-04-22,0.0050040730827416,-0.0947987048200749,0.9854748603351956,0.9464285714285714,-0.67,14.023134,0.3789321901573572,0.7706799741897603,0.6352096261398044,2026-05-20,86.36,2026-06-17,75.79,-0.1223946271421954
600150,中国船舶,unknown,20260520,2026-05-20,20260331,2026-04-30,0.1716621253405994,-0.2529369410906795,0.0022321428571428,0.2008928571428571,3.3,17.475269,0.5489683424884451,2.5164066344362186,0.4077113338671347,2026-05-20,38.7,2026-06-17,37.15,-0.0400516795865634
600160,巨化股份,unknown,20260520,2026-05-20,20260331,2026-04-29,-0.0218105766357931,0.5359897924635217,0.1977653631284916,0.8325892857142857,5.58,34.387847,0.0374793152196148,0.4592621601067577,0.3789925346629522,2026-05-20,32.74,2026-06-17,47.7,0.4569334147831398
600176,中国巨石,unknown,20260520,2026-05-20,20260331,2026-04-25,0.0479760119940031,0.0118196947360897,0.9877232142857144,0.9910714285714286,4.0,39.637799,0.1792905093141292,0.7348310313396862,0.6373929352915015,2026-05-20,34.95,2026-06-17,54.6,0.5622317596566522
600183,生益科技,unknown,20260520,2026-05-20,20260331,2026-04-29,0.452011035283868,0.1647775061553991,0.9854748603351956,1.0,6.68,28.10132,0.4508853513988153,1.054723584166001,0.5851263937002625,2026-05-20,100.0,2026-06-17,180.15,0.8015000000000001
600188,兖矿能源,unknown,20260520,2026-05-20,20260331,2026-04-29,0.1257894736842104,-0.1383377833467439,0.9743303571428572,0.7042410714285714,3.84,25.918172,0.0183061359380953,0.4214394280557323,0.5620751593837156,2026-05-20,21.39,2026-06-17,20.05,-0.0626460963066853
600196,复星医药,unknown,20260520,2026-05-20,20260331,2026-04-29,-0.081453154875717,-0.2249779121102443,0.0524553571428571,0.0547486033519553,1.78,49.700914,0.0693076759401873,0.1386946804680022,0.2265981021065833,2026-05-20,24.02,2026-06-17,21.58,-0.1015820149875105
600219,南山铝业,unknown,20260520,2026-05-20,20260331,2026-04-28,-0.1653290529695024,-0.1661877643724266,0.7946428571428571,0.7868303571428571,2.09,21.638107,0.0095470400974093,-0.3538684446720991,0.5243704221219382,2026-05-20,5.2,2026-06-17,4.63,-0.1096153846153846
600221,海航控股,unknown,20260520,2026-05-20,20260331,2026-04-30,0.0,-0.2711730475046784,0.6849162011173184,0.3080357142857143,28.1,11.865639,0.0495465135840258,5.336286241065985,0.3268193235829504,2026-05-20,1.48,2026-06-17,1.48,0.0
600233,圆通速递,unknown,20260520,2026-05-20,20260331,2026-04-23,-0.0805595754944525,-0.1669086787081601,0.34375,0.4330357142857143,3.88,11.17545,0.1001383655529581,0.6075721419819211,0.3749066018863429,2026-05-20,19.06,2026-06-17,16.64,-0.1269674711437565
600276,恒瑞医药,unknown,20260520,2026-05-20,20260331,2026-04-23,-0.0955436720142602,-0.0299627043362028,0.0390625,0.0223214285714285,4.15,86.598607,0.1297536297930368,0.2178231694834509,0.3342719855945539,2026-05-20,50.74,2026-06-17,46.99,-0.0739061884115096
600309,万华化学,unknown,20260520,2026-05-20,20260331,2026-04-21,-0.0999305233904584,-0.1042425226756561,0.765625,0.1473214285714285,3.38,14.728043,0.2550467321775282,0.2062388096154137,0.3638723793187837,2026-05-20,77.73,2026-06-17,70.79,-0.0892834169561301
600346,恒力石化,unknown,20260520,2026-05-20,20260331,2026-04-22,-0.1481481481481481,-0.1769568937619871,0.640625,0.5256696428571429,5.69,13.976353,-0.1373589845646065,0.9065413570081866,0.5610594215645551,2026-05-20,19.55,2026-06-17,17.82,-0.0884910485933504
600362,江西铜业,unknown,20260520,2026-05-20,20260331,2026-04-29,-0.0382887700534758,0.0796842361176628,0.875,0.91731843575419,3.41,5.069891,0.2538765976861705,0.4431045618218487,0.400865377251265,2026-05-20,44.96,2026-06-17,48.46,0.0778469750889678
600372,中航机载,unknown,20260520,2026-05-20,20260331,2026-04-28,-0.090288315629742,0.1108912491021103,0.6860335195530727,0.1595982142857142,0.47,25.96353,-0.017531858661945,0.7847994254610737,0.3297773130513977,2026-05-20,11.99,2026-06-17,11.11,-0.0733944954128441
600406,国电南瑞,unknown,20260520,2026-05-20,20260331,2026-04-30,-0.0104438642297649,0.0300658158579552,0.3184357541899441,0.2916201117318436,1.36,25.095322,0.0752246562731675,0.0604241685095363,0.3272094197589574,2026-05-20,26.53,2026-06-17,23.32,-0.1209950998869204
600415,小商品城,unknown,20260520,2026-05-20,20260331,2026-04-23,0.1650902837489252,0.2721550441163975,0.1875,0.7120535714285714,4.23,33.778523,0.4529137020291069,0.2329298777900068,0.3945427338913032,2026-05-20,13.55,2026-06-17,10.85,-0.1992619926199262
600426,华鲁恒升,unknown,20260520,2026-05-20,20260331,2026-04-28,-0.0908319185059423,0.0044753224093914,0.8292410714285714,0.3582589285714285,3.32,22.280229,0.0736001369013465,0.5796482544747903,0.4719414259479804,2026-05-20,32.13,2026-06-17,26.24,-0.1833177715530658
600436,片仔癀,unknown,20260520,2026-05-20,20260331,2026-04-30,-0.1285626409678081,0.1400397737547938,0.0814732142857142,0.0011160714285714,5.0,42.182097,-0.1274056170827522,-0.256355353574522,0.1794491541829124,2026-05-20,127.5,2026-06-17,114.6,-0.1011764705882353
600438,通威股份,unknown,20260520,2026-05-20,20260331,2026-04-30,-0.0829074389551391,-0.0254294812369972,0.3493303571428571,0.3754189944134078,-6.49,-4.028204,-0.2390149438899762,-0.057211666525864,0.4054769649185683,2026-05-20,16.15,2026-06-17,13.18,-0.1839009287925695
600460,士兰微,unknown,20260520,2026-05-20,20260331,2026-04-30,0.2097253155159615,0.3897553884992955,0.7142857142857143,0.4375,1.73,19.788227,0.1731228962367648,0.405689077490849,0.3871249791283436,2026-05-20,32.59,2026-06-17,40.83,0.2528382939552007
600482,中国动力,unknown,20260520,2026-05-20,20260331,2026-04-30,-0.0439675477623658,-0.0948819776528904,0.4129464285714285,0.9754464285714286,1.45,18.90736,0.0445384204929932,0.4864170572730242,0.6530256827019424,2026-05-20,36.53,2026-06-17,31.86,-0.1278401313988503
600489,中金黄金,unknown,20260520,2026-05-20,20260331,2026-04-29,-0.1334572490706319,0.0302645102672491,0.0959821428571428,0.8671875,7.54,20.465565,0.5200921898426547,1.2923460119915542,0.5214829344678829,2026-05-20,23.31,2026-06-17,22.7,-0.0261690261690261
600515,海南机场,unknown,20260520,2026-05-20,20260331,2026-04-28,-0.0991735537190082,-0.1322881184456543,0.9162011173184358,0.015625,0.46,32.004289,0.5986621057056207,0.1202068724477649,0.2769403018104853,2026-05-20,3.27,2026-06-17,2.92,-0.1070336391437308
600519,贵州茅台,unknown,20260520,2026-05-20,20260331,2026-04-25,-0.0655467439811261,0.1120092307424061,0.0837988826815642,0.0011173184357541,10.57,89.759217,0.063360092771233,0.0147141829498314,0.2007231644617925,2026-05-20,1315.0,2026-06-17,1240.0,-0.0570342205323194
600522,中天科技,unknown,20260520,2026-05-20,20260331,2026-04-25,0.6137171286425016,0.1312376943089674,0.8950892857142857,1.0,2.43,15.58141,0.347112176696875,0.4642035059450273,0.6971532102598368,2026-05-20,45.41,2026-06-17,54.91,0.209205020920502
600547,山东黄金,unknown,20260520,2026-05-20,20260331,2026-04-30,-0.2078563995837669,-0.0511377052681094,0.1328125,0.4375,4.2,18.296676,0.2537264408259159,0.408736642906369,0.483576319842429,2026-05-20,30.45,2026-06-17,28.26,-0.0719211822660097
600549,厦门钨业,unknown,20260520,2026-05-20,20260331,2026-04-24,-0.1903618315722062,-0.188733659097546,0.7678571428571429,0.8828125,6.24,21.003788,0.8699074166140104,1.8913564286121216,0.6681286146715604,2026-05-20,50.57,2026-06-17,80.84,0.5985762309669764
600570,恒生电子,unknown,20260520,2026-05-20,20260331,2026-04-30,-0.0087154225085259,-0.0201291006174658,0.2268156424581005,0.1184357541899441,1.4,67.957175,-0.1175213324338571,3.428712814370886,0.2893318431975962,2026-05-20,26.16,2026-06-17,22.5,-0.1399082568807339
600584,长电科技,unknown,20260520,2026-05-20,20260331,2026-04-29,0.5058046892783976,0.6152997894947889,1.0,0.9676339285714286,1.01,14.548409,-0.0175794708801526,0.4273587991259795,0.5468185317914552,2026-05-20,66.15,2026-06-17,81.67,0.2346182917611488
600585,海螺水泥,unknown,20260520,2026-05-20,20260331,2026-04-30,-0.0994599459945994,-0.2296255145879426,0.6450892857142857,0.0022321428571428,0.76,21.25829,-0.1045250933944887,-0.1898082174568185,0.2588052010185953,2026-05-20,20.01,2026-06-17,18.24,-0.0884557721139431
600588,用友网络,unknown,20260520,2026-05-20,20260331,2026-04-25,-0.0767366720516963,0.0829602639742297,0.3106145251396648,0.3597765363128491,-10.28,44.717825,0.0589501856033702,-0.0179459856799948,0.3508535323694416,2026-05-20,11.43,2026-06-17,9.78,-0.1443569553805774
600600,青岛啤酒,unknown,20260520,2026-05-20,20260331,2026-04-28,-0.0022598870056497,-0.0341062428522278,0.0279017857142857,0.0033519553072625,5.71,42.742989,-0.0153566820870714,0.0522861110305414,0.1395626751997107,2026-05-20,61.81,2026-06-17,56.1,-0.0923798738068274
600660,福耀玻璃,unknown,20260520,2026-05-20,20260331,2026-04-22,-0.0574652777777777,-0.1439037762620708,0.0022321428571428,0.3415178571428571,4.46,37.37907,0.0507581346920471,-0.1567692112211456,0.2048504436483976,2026-05-20,54.29,2026-06-17,50.69,-0.0663105544299134
600674,川投能源,unknown,20260520,2026-05-20,20260331,2026-04-18,0.0330578512396695,0.081770774310192,0.3139664804469274,0.09375,3.18,54.048179,-0.095617347614103,-0.0176101075461021,0.2408015671634586,2026-05-20,15.0,2026-06-17,14.63,-0.0246666666666666
600690,海尔智家,unknown,20260520,2026-05-20,20260331,2026-04-28,0.0014388489208632,-0.0354303174178157,0.0167410714285714,0.0011173184357541,3.86,25.343786,-0.0686498837949365,-0.1521889486846354,0.2248321499885259,2026-05-20,20.88,2026-06-17,20.49,-0.0186781609195402
600741,华域汽车,unknown,20260520,2026-05-20,20260331,2026-04-29,-0.1536955457660304,-0.0390394991152321,0.1852678571428571,0.0200892857142857,1.84,12.134448,-0.009722199730014,-0.0262725948251435,0.2641400629562739,2026-05-20,17.29,2026-06-17,16.24,-0.0607287449392712
600760,中航沈飞,unknown,20260520,2026-05-20,20260331,2026-04-29,-0.0989727380482022,-0.2082902373510259,0.2142857142857142,0.0011160714285714,0.7,10.580759,-0.5523114365484747,-0.6168727932836741,0.3048280552005362,2026-05-20,45.61,2026-06-17,42.14,-0.0760798070598552
600795,国电电力,unknown,20260520,2026-05-20,20260331,2026-04-29,0.0248962655601658,0.3320579459158466,0.4754464285714285,0.4363839285714285,2.32,12.31946,-0.0161763691068861,-0.2278856328703009,0.261376614239539,2026-05-20,4.94,2026-06-17,4.94,0.0
600803,新奥股份,unknown,20260520,2026-05-20,20260331,2026-04-30,0.0077257363592466,-0.3069437400916098,0.8683035714285714,0.3727678571428571,2.68,12.341878,-0.076468326971371,-0.3292094671405016,0.4378656292434703,2026-05-20,20.87,2026-06-17,16.59,-0.2050790608528989
600809,山西汾酒,unknown,20260520,2026-05-20,20260331,2026-04-30,-0.0576344086021505,-0.0193195789797471,0.0200892857142857,0.0011173184357541,12.57,75.046836,-0.0968014975921106,-0.1902985253458503,0.2547459764954284,2026-05-20,131.46,2026-06-17,117.7,-0.1046706222425072
600845,宝信软件,unknown,20260520,2026-05-20,20260331,2026-04-22,0.0533039647577093,0.1246598908975185,0.8794642857142857,0.1216517857142857,3.39,30.767956,0.0417232088979604,-0.1425233234887198,0.4620736393587805,2026-05-20,23.91,2026-06-17,17.72,-0.2588874947720619
600875,东方电气,unknown,20260520,2026-05-20,20260331,2026-04-30,-0.1081016299137104,0.0203007035723512,0.9486033519553072,0.9720670391061452,3.44,17.182121,0.0557071807767945,0.3740911910703073,0.7333520977222872,2026-05-20,37.21,2026-06-17,31.71,-0.1478097285675893
600886,国投电力,unknown,20260520,2026-05-20,20260331,2026-04-30,0.0106060606060607,0.3449400515824481,0.0424107142857142,0.0591517857142857,3.06,45.045652,-0.0463316753790087,0.0191410753346004,0.2224079144777319,2026-05-20,13.34,2026-06-17,13.32,-0.0014992503748125
600887,伊利股份,unknown,20260520,2026-05-20,20260331,2026-04-30,0.0680799021606195,-0.3484972033885184,0.0736607142857142,0.0680803571428571,9.44,38.374706,0.0547189730083519,0.1067985066148442,0.1697889955550466,2026-05-20,26.2,2026-06-17,24.67,-0.0583969465648853
600893,航发动力,unknown,20260520,2026-05-20,20260331,2026-04-28,-0.0525362318840579,-0.0658899244961933,0.8604910714285714,0.6785714285714286,0.0064,10.909279,0.1479949681110874,-0.6592800784775961,0.5956480939052902,2026-05-20,47.07,2026-06-17,39.75,-0.1555130656469088
600900,长江电力,unknown,20260520,2026-05-20,20260331,2026-04-30,0.0197119029567853,0.200531354975848,0.1194196428571428,0.3113839285714285,3.01,55.646317,0.0644277817034939,0.3050157685080972,0.1183962156834745,2026-05-20,26.9,2026-06-17,27.0,0.0037174721189592
600905,三峡能源,unknown,20260520,2026-05-20,20260331,2026-04-30,0.0048780487804878,0.1288655535034901,0.9988826815642458,0.0279017857142857,1.17,39.65831,-0.0891777420457134,-0.5749151915664326,0.1903977152211801,2026-05-20,4.12,2026-06-17,4.13,0.0024271844660193
600918,中泰证券,unknown,20260520,2026-05-20,20260331,2026-04-30,-0.0543657331136737,-0.0953129029733694,0.3828125,0.0033482142857142,0.97,23.592161,0.2513666368602651,0.2680057962072266,0.1853921028125549,2026-05-20,5.74,2026-06-17,5.31,-0.0749128919860627
600919,江苏银行,unknown,20260520,2026-05-20,20260331,2026-04-29,0.0313942751615881,-0.0267831749612742,0.8571428571428571,0.9073660714285714,4.0925,54.643778,0.0841180610154317,0.082009893044,0.1642545778455464,2026-05-20,11.17,2026-06-17,11.53,0.0322291853178156
600926,杭州银行,unknown,20260520,2026-05-20,20260331,2026-04-23,-0.047277079593058,-0.1380573302839483,0.5279017857142857,0.4185267857142857,4.69,73.741999,0.0428880891898106,0.1009403733757794,0.1612956392992969,2026-05-20,15.92,2026-06-17,16.0,0.0050251256281406
600938,中国海油,unknown,20260520,2026-05-20,20260331,2026-04-29,0.0064274236743437,-0.1199809607274612,0.955063715627096,0.92018779342723,4.77,51.173769,0.0863327531023638,0.0705904876514509,0.5082047140099439,2026-05-20,37.58,2026-06-17,31.4,-0.1644491750931346
600941,中国移动,unknown,20260520,2026-05-20,20260331,2026-04-21,0.06081820170641,0.5290848065680402,0.4777708202880401,0.3393863494051346,2.1,25.350685,0.0103048225659689,-0.0420815513695276,0.1616462667156612,2026-05-20,96.98,2026-06-17,92.98,-0.0412456176531244
600958,东方证券,unknown,20260520,2026-05-20,20260331,2026-04-30,0.0820399113082039,-0.0468825901443433,0.0513392857142857,0.2522321428571428,1.94,49.095448,0.0528869542273549,0.1055038411836255,0.24746247199809,2026-05-20,9.76,2026-06-17,9.47,-0.0297131147540983
600989,宝丰能源,unknown,20260520,2026-05-20,20260331,2026-04-24,0.008406432748538,-0.1920880402726382,0.3582589285714285,0.8314732142857143,7.28,37.404287,0.2289569548111314,0.5022975703560446,0.5970795795112235,2026-05-20,27.59,2026-06-17,22.12,-0.1982602392171075
600999,招商证券,unknown,20260520,2026-05-20,20260331,2026-04-30,0.0852959898154042,0.4028740383117091,0.1104910714285714,0.3839285714285714,2.54,54.776452,0.4795847326766156,0.4172841360432298,0.20128714889974,2026-05-20,17.05,2026-06-17,19.1,0.1202346041055719
601006,大秦铁路,unknown,20260520,2026-05-20,20260331,2026-04-30,0.0457142857142858,0.0666271617737344,1.0,0.1004464285714285,1.44,14.522207,0.0432140926814754,-0.072638458359181,0.1564911587409631,2026-05-20,5.49,2026-06-17,4.99,-0.0910746812386156
601009,南京银行,unknown,20260520,2026-05-20,20260331,2026-04-23,-0.0119266055045872,-0.0832965143609191,0.5993303571428571,0.2879464285714285,3.57,50.01173,0.1354001101337574,0.0804647960991964,0.1831551457763472,2026-05-20,10.77,2026-06-17,11.14,0.0343546889507893
601012,隆基绿能,unknown,20260520,2026-05-20,20260331,2026-04-29,-0.1198394495412844,0.1737679514633221,0.2310267857142857,0.3482142857142857,-3.61,-1.187933,-0.1802546120150258,0.3419756645620464,0.269147491262156,2026-05-20,15.35,2026-06-17,13.07,-0.1485342019543973
601018,宁波港,unknown,20260520,2026-05-20,20260331,2026-04-29,-0.0508021390374332,0.0923606095344193,0.046875,0.0178571428571428,1.44,27.883906,0.1564853727807142,-0.0044267141391053,0.2124599772864652,2026-05-20,3.55,2026-06-17,3.34,-0.0591549295774648
601021,春秋航空,unknown,20260520,2026-05-20,20260331,2026-04-30,-0.0387940122285472,-0.1169723923808558,0.4821428571428571,0.0044642857142857,5.3,20.050963,0.1415825614602943,0.4514519817159561,0.3259156024258282,2026-05-20,45.59,2026-06-17,47.06,0.0322439131388461
601058,赛轮轮胎,unknown,20260520,2026-05-20,20260331,2026-04-28,-0.0871183916604616,-0.0831655640370582,0.203125,0.0011160714285714,4.8,26.862188,0.1247538992263854,0.0171655452919194,0.3974586627857739,2026-05-20,12.26,2026-06-17,11.8,-0.0375203915171288
601059,信达证券,unknown,20260520,2026-05-20,20260331,2026-04-30,0.0260818020154118,0.4223716279135456,0.0174273858921161,0.1609958506224066,1.81,49.715329,0.1300645168920713,1.208739649579825,0.1750813197312982,2026-05-20,17.31,2026-06-17,15.56,-0.1010976314269207
601066,中信建投,unknown,20260520,2026-05-20,20260331,2026-04-30,0.0224358974358973,-0.1886364496629732,0.0033482142857142,0.0279017857142857,4.02,60.636339,0.6226498155531204,0.9902937757158304,0.2010516757184917,2026-05-20,22.33,2026-06-17,25.92,0.1607702642185402
601077,渝农商行,unknown,20260520,2026-05-20,20260331,2026-04-29,-0.0438472418670439,-0.0789918607102141,0.8616071428571429,0.8616071428571429,2.9875,60.649691,0.0839436873968322,0.0507192696104716,0.2101190668148763,2026-05-20,6.76,2026-06-17,6.55,-0.0310650887573964
601088,中国神华,unknown,20260520,2026-05-20,20260331,2026-04-25,0.0098792535675082,0.0763442819247262,0.9854910714285714,0.9352678571428572,2.4,32.889185,0.0116691815764891,-0.1072893129132145,0.3053219923373708,2026-05-20,46.0,2026-06-17,41.86,-0.0899999999999999
601100,恒立液压,unknown,20260520,2026-05-20,20260331,2026-04-28,0.0686972198500806,-0.1807327784884229,0.9709821428571428,0.7354910714285714,3.71,38.573534,0.3252141867120357,0.0558775146944612,0.4666658795707098,2026-05-20,112.63,2026-06-17,118.0,0.0476782384799787
601111,中国国航,unknown,20260520,2026-05-20,20260331,2026-04-30,-0.0317919075144508,-0.0226128512900907,0.8035714285714286,0.2053571428571428,3.96,7.864876,0.1127621733767041,-1.838602186993791,0.3632321588604751,2026-05-20,6.7,2026-06-17,6.47,-0.0343283582089553
601117,中国化学,unknown,20260520,2026-05-20,20260331,2026-04-28,-0.0665110851808634,-0.1441859243412828,0.0613839285714285,0.109375,2.3,9.35732,0.0325163184295824,0.0845788841270613,0.3777562285527658,2026-05-20,8.0,2026-06-17,8.22,0.0275
601127,赛力斯,unknown,20260520,2026-05-20,20260331,2026-04-30,-0.1220090293453723,0.0239935251786878,0.6473214285714286,0.0011160714285714,1.83,26.238315,0.3446285931858832,0.0089211622414362,0.2691888603760852,2026-05-20,77.79,2026-06-17,66.14,-0.1497621802288212
601136,首创证券,unknown,20260520,2026-05-20,20260331,2026-04-29,-0.0428921568627451,-0.0889186311979417,0.0008025682182985,0.0264847512038523,1.41,42.074872,0.3079880870817346,0.3018869367912622,0.2271113925498715,2026-05-20,15.62,2026-06-17,14.41,-0.0774647887323942
601138,工业富联,unknown,20260520,2026-05-20,20260331,2026-04-29,0.1177628341807448,0.0779218411341822,0.8738839285714286,0.9441964285714286,6.18,7.350507,0.5651778086583659,1.0254851336561024,0.5029934063872717,2026-05-20,68.15,2026-06-17,72.64,0.0658840792369772
601166,兴业银行,unknown,20260520,2026-05-20,20260331,2026-04-30,-0.0580681183696258,-0.1526399651301795,0.4553571428571428,0.0368303571428571,2.89,49.70775,-0.0106495698866799,0.0015128593040847,0.1416506907383991,2026-05-20,16.87,2026-06-17,17.84,0.0574985180794309
601169,北京银行,unknown,20260520,2026-05-20,20260331,2026-04-28,-0.0516605166051661,-0.2714771406465609,0.9508928571428572,0.0200892857142857,2.905,48.614725,0.1443335084953583,0.055526590198123,0.1468603134865056,2026-05-20,5.14,2026-06-17,5.14,0.0
601186,中国铁建,unknown,20260520,2026-05-20,20260331,2026-04-30,-0.0634920634920633,0.0899678706421056,0.7154017857142857,0.0033482142857142,1.38,7.855363,-0.0980670107850689,-0.1472388588384648,0.1613058615805344,2026-05-20,6.49,2026-06-17,6.48,-0.0015408320493065
601211,国泰海通,unknown,20260520,2026-05-20,20260331,2026-04-25,-0.0983510011778563,-0.1815088332724413,0.5848214285714286,0.0613839285714285,1.95,51.560281,0.5890692461451719,-0.478154123527424,0.2158350601310136,2026-05-20,15.31,2026-06-17,17.77,0.1606792945787065
601225,陕西煤业,unknown,20260520,2026-05-20,20260331,2026-04-25,-0.0254032258064516,-0.1224783806851425,0.9676339285714286,0.6886160714285714,4.21,31.12328,-0.0301055523173955,-0.1237895549196139,0.3310428832417659,2026-05-20,24.17,2026-06-17,23.58,-0.0244104261481176
601229,上海银行,unknown,20260520,2026-05-20,20260331,2026-04-24,-0.0672975814931651,-0.0770635112427808,0.7008928571428571,0.5424107142857143,2.54,54.465444,0.0425042043740198,0.0066046721416082,0.1652693525763712,2026-05-20,8.87,2026-06-17,9.01,0.0157835400225478
601238,广汽集团,unknown,20260520,2026-05-20,20260331,2026-04-30,-0.1243093922651934,0.0854321819423487,0.2176339285714285,0.0011160714285714,-0.63,-0.88927,0.0175884736021181,-0.102920322024207,0.1893776953375767,2026-05-20,6.34,2026-06-17,5.72,-0.0977917981072555
601288,农业银行,unknown,20260520,2026-05-20,20260331,2026-04-30,-0.0664739884393064,0.1557232600977434,0.8314732142857143,0.8225446428571429,2.6475,38.211922,0.1048940934463289,0.0452377973335558,0.2304089045673658,2026-05-20,6.46,2026-06-17,6.53,0.0108359133126936
601318,中国平安,unknown,20260520,2026-05-20,20260331,2026-04-25,-0.0658458244111348,0.0528802934778498,0.1104910714285714,0.3236607142857143,2.5,16.106316,-0.0618382223444057,-0.0738081137103938,0.2425143312511319,2026-05-20,52.35,2026-06-17,52.76,0.0078319006685767
601319,中国人保,unknown,20260520,2026-05-20,20260331,2026-04-30,-0.046070460704607,0.0611788555062751,0.0825892857142857,0.2444196428571428,2.8,8.533284,-0.051427622629942,-0.3140322204062573,0.2645928150381332,2026-05-20,7.04,2026-06-17,7.0,-0.0056818181818182
601328,交通银行,unknown,20260520,2026-05-20,20260331,2026-04-30,-0.0560344827586206,0.1135186785607742,0.7667410714285714,0.5256696428571429,2.2675,42.957281,0.0488745593153945,0.0311366861106732,0.1563656960491173,2026-05-20,6.57,2026-06-17,6.9,0.0502283105022831
601336,新华保险,unknown,20260520,2026-05-20,20260331,2026-04-30,-0.0717286447798351,-0.2017567191173036,0.0011160714285714,0.6674107142857143,5.53,30.145032,-0.3373750074845817,0.1052363141788508,0.3137090331662325,2026-05-20,59.66,2026-06-17,61.75,0.035031847133758
601360,三六零,unknown,20260520,2026-05-20,20260331,2026-04-30,-0.0091575091575091,-0.0886108156929549,0.9888392857142856,0.765625,0.37,70.701096,0.0789568569208778,-1.3999985356889215,0.3817582292189154,2026-05-20,10.82,2026-06-17,9.22,-0.1478743068391866
601377,兴业证券,unknown,20260520,2026-05-20,20260331,2026-04-30,-0.0167224080267559,-0.1563005356281501,0.2991071428571428,0.125,1.32,45.007707,0.1343735187410988,0.5216791808185939,0.2331540280780696,2026-05-20,5.88,2026-06-17,6.08,0.0340136054421769
601390,中国中铁,unknown,20260520,2026-05-20,20260331,2026-04-30,-0.0921052631578948,0.0268801189568927,0.8013392857142857,0.0011160714285714,1.36,7.928366,-0.054450193059517,-0.2765424218177267,0.3199238336801014,2026-05-20,4.83,2026-06-17,4.68,-0.031055900621118
601398,工商银行,unknown,20260520,2026-05-20,20260331,2026-04-30,-0.0192572214580467,0.0432709769250003,0.8404017857142857,0.6964285714285714,2.2075,44.266614,0.0826980740128022,0.0330933029136366,0.1734173018603572,2026-05-20,7.13,2026-06-17,7.36,0.032258064516129
601456,国联民生,unknown,20260520,2026-05-20,20260331,2026-04-28,-0.0096463022508038,-0.1936456370360306,0.0011160714285714,0.0078125,0.94,33.868361,0.1880526429351274,0.3206508256689413,0.1674460689081793,2026-05-20,9.24,2026-06-17,9.56,0.0346320346320345
601600,中国铝业,unknown,20260520,2026-05-20,20260331,2026-04-24,-0.1331757289204097,0.1041644505480212,0.2410714285714285,0.8627232142857143,7.11,25.827609,0.0484880627609149,0.5634647468046143,0.500363233143355,2026-05-20,11.0,2026-06-17,9.97,-0.0936363636363636
601601,中国太保,unknown,20260520,2026-05-20,20260331,2026-04-29,-0.1049812533476165,-0.1125765722993599,0.0011160714285714,0.2276785714285714,3.2,11.059245,-0.0124843945068664,0.0430040511062637,0.313874888077329,2026-05-20,33.42,2026-06-17,32.19,-0.0368043087971275
601607,上海医药,unknown,20260520,2026-05-20,20260331,2026-04-30,-0.0217775161859916,-0.0360722189335247,0.1372767857142857,0.0044642857142857,1.85,10.752998,0.0635819191460433,0.0635274755125838,0.1352219191725045,2026-05-20,16.62,2026-06-17,16.11,-0.0306859205776174
601618,中国中冶,unknown,20260520,2026-05-20,20260331,2026-04-30,-0.0436241610738254,0.0526309240457549,0.9732142857142856,0.0133928571428571,1.59,8.600831,-0.245914127996995,0.0158697764941146,0.2106631964267303,2026-05-20,2.85,2026-06-17,2.75,-0.0350877192982456
601628,中国人寿,unknown,20260520,2026-05-20,20260331,2026-04-30,-0.0794243070362474,-0.249244555347682,0.0089285714285714,0.0636160714285714,3.27,20.934495,-0.1532624776496002,-0.3227900840219428,0.2610105922953855,2026-05-20,34.54,2026-06-17,35.81,0.0367689635205559
601633,长城汽车,unknown,20260520,2026-05-20,20260331,2026-04-25,-0.1254220935841775,0.1949866241023377,0.1049107142857142,0.0011160714285714,1.07,18.452004,0.1271958692187531,-0.4601017603043241,0.1864716005682008,2026-05-20,18.13,2026-06-17,16.82,-0.0722559293987864
601658,邮储银行,unknown,20260520,2026-05-20,20260331,2026-04-30,-0.0315581854043393,-0.0491965920089075,0.7165178571428571,0.0535714285714285,2.4275,28.76188,0.0760829426048812,0.0190129129367029,0.1640467732132182,2026-05-20,4.91,2026-06-17,4.98,0.0142566191446029
601668,中国建筑,unknown,20260520,2026-05-20,20260331,2026-04-29,-0.0202429149797571,-0.129486324778665,0.9732142857142856,0.0011160714285714,2.77,7.926848,-0.0784558143874334,-0.075317838892705,0.1390342669710437,2026-05-20,4.84,2026-06-17,4.73,-0.0227272727272725
601669,中国电建,unknown,20260520,2026-05-20,20260331,2026-04-30,-0.0087565674255691,-0.1402049285806641,0.6808035714285714,0.2276785714285714,1.31,10.176367,0.0173528327670298,-0.2555756178641014,0.452685139875788,2026-05-20,5.66,2026-06-17,5.17,-0.0865724381625442
601688,华泰证券,unknown,20260520,2026-05-20,20260331,2026-04-30,-0.0262191924488726,-0.0541171945237073,0.09375,0.4933035714285714,2.61,56.348928,0.4148114461417231,0.3179454018320375,0.2717788958619623,2026-05-20,18.57,2026-06-17,20.4,0.0985460420032309
601689,拓普集团,unknown,20260520,2026-05-20,20260331,2026-04-30,0.1514200792602378,0.3790783663371462,0.5703125,0.3984375,2.27,19.256242,0.1492117238437571,-0.024171122199725,0.3808751501381068,2026-05-20,69.73,2026-06-17,60.11,-0.1379607055786605
601698,中国卫通,unknown,20260520,2026-05-20,20260331,2026-04-30,0.0,-0.330824302966309,0.8861607142857143,0.9397321428571428,0.1682,19.037802,0.0070691160339844,-0.6189679168124507,0.5111150828128804,2026-05-20,33.94,2026-06-17,31.23,-0.0798467884502062
601727,上海电气,unknown,20260520,2026-05-20,20260331,2026-04-30,0.123915737298637,0.3989077006464339,0.6607142857142857,0.9263392857142856,0.69,18.356684,0.0931977028461696,0.3015337035022356,0.4432114868893523,2026-05-20,9.07,2026-06-17,7.42,-0.1819184123484013
601728,中国电信,unknown,20260520,2026-05-20,20260331,2026-04-24,0.134948096885813,1.2395925461747082,0.7845622119815668,0.6993087557603687,1.58,28.123671,-0.0231575084578485,-0.1708124094188663,0.2817651330331649,2026-05-20,6.56,2026-06-17,5.79,-0.1173780487804877
601766,中国中车,unknown,20260520,2026-05-20,20260331,2026-04-30,-0.0585365853658537,-0.035564909875584,0.0345982142857142,0.0368303571428571,1.94,23.813953,0.1057462398021091,0.1065552748486984,0.2136265992543134,2026-05-20,5.79,2026-06-17,5.73,-0.010362694300518
601788,光大证券,unknown,20260520,2026-05-20,20260331,2026-04-30,-0.0322997416020671,-0.1877427633691734,0.0926339285714285,0.046875,1.74,49.72509,0.2310068939221075,0.4234494978328158,0.1926269562411399,2026-05-20,14.98,2026-06-17,14.6,-0.0253671562082777
601800,中国交建,unknown,20260520,2026-05-20,20251231,2026-03-31,-0.14,0.0080928005972511,0.7957589285714286,0.0011160714285714,4.79,11.370912,-0.0528995544772109,-0.3691705439799458,0.1866886968695954,2026-05-20,6.45,2026-06-17,6.39,-0.0093023255813954
601816,京沪高铁,unknown,20260520,2026-05-20,20260331,2026-04-30,-0.0081135902636917,0.1400578967555752,0.0044642857142857,0.0078125,1.51,45.818868,0.0328633163564926,0.0602954913111346,0.1688590558333607,2026-05-20,4.89,2026-06-17,4.73,-0.0327198364008178
601818,光大银行,unknown,20260520,2026-05-20,20260331,2026-04-30,-0.0157232704402516,0.1399714949894273,0.7254464285714286,0.0502232142857142,1.995,45.89293,-0.0385359366499425,-0.0806322207958921,0.1402518142300994,2026-05-20,3.13,2026-06-17,3.15,0.0063897763578275
601825,沪农商行,unknown,20260520,2026-05-20,20260331,2026-04-23,-0.0492341356673962,-0.2768696438576796,0.7476958525345622,0.5518433179723502,2.765,66.879158,0.0123136898737929,0.0072521793292688,0.1897119225867779,2026-05-20,8.69,2026-06-17,8.39,-0.0345224395857306
601838,成都银行,unknown,20260520,2026-05-20,20260331,2026-04-23,0.0841555426581543,-0.1707269807223413,0.6573660714285714,0.3671875,3.5,59.70367,0.0654279898778744,0.0480849489919579,0.1757507632412154,2026-05-20,18.68,2026-06-17,19.23,0.0294432548179872
601857,中国石油,unknown,20260520,2026-05-20,20260331,2026-04-30,0.0086730268863834,-0.0529819189382245,0.9419642857142856,0.9553571428571428,3.0,22.924076,-0.0221404517061147,0.0185879873551106,0.4743604509367944,2026-05-20,11.63,2026-06-17,9.77,-0.1599312123817713
601868,中国能建,unknown,20260520,2026-05-20,20260331,2026-04-30,0.0584192439862543,0.0029884941663427,0.9929245283018868,0.7995283018867925,1.246,10.797012,0.0164136154088347,-0.0975276063379945,0.6055793783782639,2026-05-20,3.08,2026-06-17,2.89,-0.0616883116883116
601872,招商轮船,unknown,20260520,2026-05-20,20260331,2026-04-25,-0.0442048517520216,-0.1380313912593541,0.8158482142857143,0.9665178571428572,6.28,41.793716,0.5291773001206375,2.193070304187576,0.8018797883549411,2026-05-20,17.73,2026-06-17,17.1,-0.0355329949238578
601877,正泰电器,unknown,20260520,2026-05-20,20260331,2026-04-16,0.0056550424128181,0.2409328848843446,0.6573660714285714,0.5345982142857143,2.82,20.676328,0.4632606268515886,0.0891828841538915,0.441942475700809,2026-05-20,32.01,2026-06-17,27.05,-0.1549515776319899
601878,浙商证券,unknown,20260520,2026-05-20,20260331,2026-04-28,-0.0113871635610764,-0.2351342284240772,0.0055803571428571,0.0055803571428571,2.02,43.471174,0.4081602778750193,0.3520165672113251,0.1919840575065459,2026-05-20,9.55,2026-06-17,9.39,-0.0167539267015707
601881,中国银河,unknown,20260520,2026-05-20,20260331,2026-04-30,-0.0332817337461299,-0.1067910728572242,0.2087053571428571,0.1573660714285714,2.53,55.150152,0.1566219469940284,0.1009209123711516,0.2466635090619927,2026-05-20,12.49,2026-06-17,12.7,0.0168134507606083
601888,中国中免,unknown,20260520,2026-05-20,20260331,2026-04-30,-0.134451265159455,0.1826465496147529,0.2555803571428571,0.0011160714285714,4.16,33.631758,0.0095528124488866,0.2118028833994605,0.3107095994430267,2026-05-20,57.81,2026-06-17,56.83,-0.0169520844144612
601898,中煤能源,unknown,20260520,2026-05-20,20260331,2026-04-28,0.0433455433455434,-0.0073416545742377,0.9709821428571428,0.9642857142857144,2.37,25.509379,-0.1094738964286096,-0.0318656763589596,0.5531594921186009,2026-05-20,17.09,2026-06-17,14.0,-0.1808074897600936
601899,紫金矿业,unknown,20260520,2026-05-20,20260331,2026-04-22,-0.1249640080621939,-0.009482337322434,0.1316964285714285,0.6953125,10.35,36.325753,0.2479376967547459,0.975000663373942,0.4234942848522963,2026-05-20,30.39,2026-06-17,30.43,0.0013162224415925
601901,方正证券,unknown,20260520,2026-05-20,20260331,2026-04-30,-0.0099431818181818,-0.0423641719572088,0.0022321428571428,0.0022321428571428,2.88,54.731855,0.1469523889607724,0.2434651359363187,0.1972124771257743,2026-05-20,6.97,2026-06-17,6.82,-0.0215208034433285
601916,浙商银行,unknown,20260520,2026-05-20,20260331,2026-04-30,-0.009933774834437,0.0156777874697744,0.9575892857142856,0.1529017857142857,3.315,47.603257,0.0049693072201111,0.0072281055639602,0.1554788682334562,2026-05-20,2.99,2026-06-17,3.04,0.0167224080267558
601919,中远海控,unknown,20260520,2026-05-20,20260331,2026-04-30,-0.015625,0.2326552160189143,0.8950892857142857,0.3404017857142857,2.51,17.241117,-0.1063405617508523,-0.4974629286480496,0.3195366814664642,2026-05-20,14.49,2026-06-17,14.04,-0.031055900621118
601939,建设银行,unknown,20260520,2026-05-20,20260331,2026-04-30,0.0467587672688629,0.0025768198317286,0.9743303571428572,0.953125,2.4625,47.021149,0.1114641974009575,0.0352725222252883,0.180080093649057,2026-05-20,9.85,2026-06-17,10.13,0.0284263959390864
601985,中国核电,unknown,20260520,2026-05-20,20260331,2026-04-30,0.0368239355581128,-0.0573096480927346,0.9029017857142856,0.2555803571428571,1.73,39.501801,-0.0664854773008009,-0.3419128140682644,0.1738385340855881,2026-05-20,9.01,2026-06-17,9.3,0.0321864594894563
601988,中国银行,unknown,20260520,2026-05-20,20260331,2026-04-30,-0.0121317157712304,0.1554487303237339,0.8895089285714286,0.8359375,2.115,41.800767,0.084381764274324,0.0417003899639467,0.1689535824022488,2026-05-20,5.7,2026-06-17,5.94,0.0421052631578948
601995,中金公司,unknown,20260520,2026-05-20,20260331,2026-04-30,0.0144670800118098,0.01805013800721,0.0100446428571428,0.0714285714285714,3.35,50.580742,0.5426139123898579,0.7519470039139868,0.173194798944452,2026-05-20,34.36,2026-06-17,34.19,-0.0049476135040745
601998,中信银行,unknown,20260520,2026-05-20,20260331,2026-04-30,-0.0401002506265664,-0.1367071861012805,0.8783482142857143,0.8325892857142857,2.7775,43.104173,0.0523386801717664,0.0301911938079859,0.1890086048367226,2026-05-20,7.66,2026-06-17,7.56,-0.0130548302872063
603019,中科曙光,unknown,20260520,2026-05-20,20260331,2026-04-25,0.0941583826650283,0.0750271599614031,0.9408482142857144,0.9296875,1.02,26.557524,0.237100491766558,0.2218611631617539,0.4320631035649739,2026-05-20,97.96,2026-06-17,86.51,-0.1168844426296445
603259,药明康德,unknown,20260520,2026-05-20,20260331,2026-04-28,0.0373096187263621,-0.1657126399880234,0.1205357142857142,0.3069196428571428,5.68,50.402592,0.2880681350545131,0.2667667359492536,0.4086849921710246,2026-05-20,101.48,2026-06-17,98.2,-0.0323216397319668
603260,合盛硅业,unknown,20260520,2026-05-20,20260331,2026-04-30,-0.0367496005478201,-0.0045830238154757,0.1127232142857142,0.0714285714285714,0.26,19.084514,-0.0424916727740595,-0.7021392510986619,0.4102694593100013,2026-05-20,42.2,2026-06-17,50.03,0.1855450236966824
603288,海天味业,unknown,20260520,2026-05-20,20260331,2026-04-28,-0.1016905737704917,-0.0951488414171304,0.0011160714285714,0.0011160714285714,5.97,41.995545,0.0856578319270879,0.1096825171178978,0.2497641442212037,2026-05-20,35.07,2026-06-17,33.32,-0.0499001996007983
603296,华勤技术,unknown,20260520,2026-05-20,20260331,2026-04-30,0.1273440907108589,-0.0161357891034165,0.8741396263520157,0.9646017699115044,4.03,8.539906,0.1642393349874236,0.259614881099357,0.5223762938027988,2026-05-20,77.55,2026-06-17,79.46,0.024629271437782
603369,今世缘,unknown,20260520,2026-05-20,20260331,2026-04-29,0.1034063260340631,-0.0192336408929042,0.1395089285714285,0.0167410714285714,8.03,74.400313,-0.1523040779930173,-0.1576146310081551,0.3197715398207559,2026-05-20,27.21,2026-06-17,25.13,-0.0764424843807424
603392,万泰生物,unknown,20260520,2026-05-20,20260331,2026-04-28,-0.0370650529500756,-0.1199539481763718,0.3448660714285714,0.0066964285714285,-0.36,69.857803,0.3063205737945791,-0.1855567014268578,0.3689380824737731,2026-05-20,38.19,2026-06-17,28.61,-0.2508510081173082
603501,豪威集团,unknown,20260520,2026-05-20,20260331,2026-04-30,0.0887573964497041,-0.0322283276392694,0.359375,0.0111607142857142,1.56,29.380635,-0.0089722038523395,-0.4192071575462485,0.3951564949102085,2026-05-20,101.2,2026-06-17,90.12,-0.1094861660079051
603799,华友钴业,unknown,20260520,2026-05-20,20260331,2026-04-17,-0.115021328458257,-0.1756979640785176,0.2232142857142857,0.3839285714285714,5.05,20.685805,0.4462378543185055,0.994457466952794,0.467307796888615,2026-05-20,58.09,2026-06-17,52.59,-0.0946806679290755
603893,瑞芯微,unknown,20260520,2026-05-20,20260331,2026-04-22,0.1349675305680686,0.3182410711703338,0.2142857142857142,0.6774553571428571,7.23,43.042024,0.3621520262379383,0.5714890563532458,0.4213551662807505,2026-05-20,194.0,2026-06-17,175.95,-0.0930412371134021
603986,兆易创新,unknown,20260520,2026-05-20,20260331,2026-04-30,0.5400637693214112,0.2386156003439312,0.5892857142857143,0.9944196428571428,6.12,57.076718,1.193786758368052,5.227881381914544,0.6705530941082456,2026-05-20,444.37,2026-06-17,586.04,0.3188109008258881
603993,洛阳钼业,unknown,20260520,2026-05-20,20260331,2026-04-25,-0.1122807017543858,-0.0143018802619317,0.296875,0.8683035714285714,9.06,22.884939,0.4433616810727994,0.966549619126292,0.5169142297429346,2026-05-20,17.71,2026-06-17,20.17,0.1389045736871823
605117,德业股份,unknown,20260520,2026-05-20,20260331,2026-04-30,0.1785749385749386,0.1796104778303158,0.6473214285714286,0.6127232142857143,10.87,41.446767,0.7376755192225697,0.6836578908958162,0.6549203578912381,2026-05-20,119.92,2026-06-17,103.08,-0.1404269513008672
605499,东鹏饮料,unknown,20260520,2026-05-20,20260331,2026-04-30,-0.0173448526017279,0.4016612657598994,0.0044642857142857,0.0044642857142857,8.42,46.88969,0.2145548209913255,0.2830719615108246,0.4076834122959218,2026-05-20,149.0,2026-06-17,125.39,-0.1584563758389261
688008,澜起科技,unknown,20260520,2026-05-20,20260331,2026-04-28,0.7064597426714418,0.1616577935695786,0.9486607142857144,0.9720982142857144,5.39,69.78822,0.1951456338601906,0.6130464033993444,0.7416085818204917,2026-05-20,257.3,2026-06-17,262.5,0.0202098717450447
688009,中国通号,unknown,20260520,2026-05-20,20260331,2026-04-30,-0.0910780669144981,0.0148344044493602,0.2042410714285714,0.0446428571428571,1.04,27.424558,-0.0353564138519314,-0.0716279727281232,0.2960351695752217,2026-05-20,4.89,2026-06-17,4.98,0.0184049079754602
688012,中微公司,unknown,20260520,2026-05-20,20260331,2026-04-28,0.5615443062019183,0.3825751706518225,0.8805803571428571,0.9654017857142856,4.0,39.892564,0.3412853769759474,1.972019978207037,0.5495562554379101,2026-05-20,328.83,2026-06-17,351.0,0.0674208557613356
688036,传音控股,unknown,20260520,2026-05-20,20260331,2026-04-28,0.2224797219003476,0.3644345036192578,0.6941964285714286,0.0915178571428571,3.35,22.004668,0.2457953632727831,0.4290490992343405,0.4537654949565273,2026-05-20,63.3,2026-06-17,55.92,-0.1165876777251184
688041,海光信息,unknown,20260520,2026-05-20,20260331,2026-04-08,0.2182160997383406,0.0438267904244513,0.9876632801161104,0.993468795355588,2.99,55.603983,0.6805592058147492,0.3581779413699901,0.6321448596918967,2026-05-20,316.59,2026-06-17,308.08,-0.0268801920464953
688047,龙芯中科,unknown,20260520,2026-05-20,20260331,2026-04-29,0.1466464046418456,-0.164221761714425,0.1948142957252978,0.9817799579537492,-4.65,34.870788,0.0796226153719565,-0.2466292426325946,0.540579393936698,2026-05-20,166.0,2026-06-17,143.5,-0.1355421686746988
688072,拓荆科技,unknown,20260520,2026-05-20,20260331,2026-04-28,0.6264834798656858,0.3338422145141577,0.6219839142091153,0.9845844504021448,8.25,41.689075,0.5696734185625845,-4.88291766570018,0.6239552486677399,2026-05-20,634.54,2026-06-17,740.0,0.1661991363822612
688082,盛美上海,unknown,20260520,2026-05-20,20260331,2026-04-28,0.3385006353240152,0.585271702383366,0.7946537059538274,0.6002430133657352,0.77,45.637953,0.1306223283172973,-0.5766364866721703,0.5447573734869546,2026-05-20,210.68,2026-06-17,361.2,0.7144484526295802
688111,金山办公,unknown,20260520,2026-05-20,20260331,2026-04-24,0.0042415673601292,-0.0947058678225761,0.0022321428571428,0.0044642857142857,15.7,86.593651,0.2395402490296936,4.449659523721703,0.3949715204293041,2026-05-20,248.6,2026-06-17,215.3,-0.1339501206757843
688126,沪硅产业,unknown,20260520,2026-05-20,20260331,2026-04-30,0.616657473800331,0.5329495530898258,0.2879464285714285,0.7645089285714286,-2.87,-11.846601,0.3521677446834064,1.3166627750841,0.6553755141480181,2026-05-20,29.31,2026-06-17,32.4,0.1054247697031729
688183,生益电子,unknown,20260520,2026-05-20,20260331,2026-04-29,-0.0565213434058433,0.0482066913116525,0.4933035714285714,0.9151785714285714,7.47,35.205505,0.5262092922163832,1.221559998920275,0.6576703310747267,2026-05-20,103.66,2026-06-17,141.07,0.3608913756511673
688223,晶科能源,unknown,20260520,2026-05-20,20260331,2026-04-30,-0.0460431654676259,0.1809095133002334,0.2366751269035533,0.4860406091370558,-5.4,6.156302,-0.1152384840268949,-0.02848536253813,0.5813170314864391,2026-05-20,6.63,2026-06-17,5.17,-0.2202111613876319
688256,寒武纪,unknown,20260520,2026-05-20,20260331,2026-04-30,0.522960495428022,0.0031801440233933,0.8828125,0.9665178571428572,8.2,54.330376,1.5955547349373238,1.8503872248538205,0.6825805063266931,2026-05-20,1362.41,2026-06-17,1320.0,-0.0311286617097643
688271,联影医疗,unknown,20260520,2026-05-20,20260331,2026-04-29,-0.0086741016109046,0.0196225203132514,0.1308479532163742,0.0226608187134502,1.83,47.161431,0.1733762799966884,0.0777855965953331,0.2760266291077332,2026-05-20,112.0,2026-06-17,110.07,-0.0172321428571429
688303,大全能源,unknown,20260520,2026-05-20,20260331,2026-04-30,-0.0337230215827337,-0.0710178255652407,0.1133786848072562,0.1972789115646258,-2.08,-120.761483,-0.7921883973208286,0.4351097319506576,0.3566181992452868,2026-05-20,21.49,2026-06-17,19.97,-0.0707305723592368
688396,华润微,unknown,20260520,2026-05-20,20260331,2026-04-25,0.3321820398212107,0.07541012170496,0.9453125,0.7131696428571429,1.4254,25.484978,0.2134013101880418,2.9655888777373605,0.4725693526865934,2026-05-20,65.57,2026-06-17,73.74,0.1245996644807077
688472,阿特斯,unknown,20260520,2026-05-20,20260331,2026-04-28,0.1392884178652536,0.0192373514841066,0.83008356545961,0.6573816155988857,2.21,20.40881,-0.1695997997742989,9.990995906166596,0.4481963037687169,2026-05-20,15.05,2026-06-17,11.38,-0.2438538205980066
688506,百利天恒,unknown,20260520,2026-05-20,20260331,2026-04-28,-0.1711853614397265,-0.1443455159466264,0.4110479285134037,0.2664500406173842,-12.6,54.149966,0.4025334356297025,0.4574807965188741,0.5815532574380599,2026-05-20,247.31,2026-06-17,230.0,-0.0699931260361489
688521,芯原股份,unknown,20260520,2026-05-20,20260331,2026-04-30,0.2227891156462584,-0.0875613294858709,0.1328125,1.0,-10.38,32.294832,1.1447345915095886,0.5468712515067049,0.9068774022339716,2026-05-20,294.79,2026-06-17,257.46,-0.1266325180637064
688981,中芯国际,unknown,20260520,2026-05-20,20260331,2026-05-15,0.2715955525990687,0.3881301256680682,0.9497767857142856,0.9944196428571428,0.9,21.475859,0.0807389814849748,0.0035646510475724,0.4487772941007718,2026-05-20,133.81,2026-06-17,134.7,0.0066512218817724
