symbol,name,industry,momentum_20d,turnover_change,pe_percentile,pb_percentile,roe,gross_margin,revenue_growth_yoy,net_profit_growth_yoy,volatility_60d
000001,平安银行,unknown,-0.012229539040451654,-0.16930686743651624,0.21686746987951808,0.009857612267250822,2.83,71.910876,0.04651576730250073,0.030292281498297324,0.18905702799376617
000002,万科A,unknown,-0.055384615384615477,-0.1115288578411906,0.36801752464403065,0.10405257393209201,-5.23,9.145383,-0.2386325595234685,-0.04707692893445348,0.3369538424478351
000063,中兴通讯,unknown,-0.0728341426015845,-0.2191526497574754,0.9693318729463308,0.4994523548740416,1.72,28.276157,0.061266955583496374,-0.46581650206345093,0.5262827619530279
000100,TCL科技,unknown,0.08125000000000004,0.22132449422830125,0.40963855421686746,0.7261774370208105,2.47,12.497483,0.08370838887481002,0.5371204827758869,0.5612473120848168
000157,中联重科,unknown,-0.030585106382978622,-0.03894570847843082,0.2606790799561884,0.4720700985761227,1.52,27.692633,0.06893642775503594,-0.3730209773081916,0.3485412917448404
000166,申万宏源,unknown,0.07621247113163965,0.11333633192688164,0.04600219058050383,0.04600219058050383,2.08,55.146892,0.11717668563743366,0.1915405509848056,0.2666446017767297
000301,东方盛虹,unknown,0.1654008438818566,0.6079613925708753,0.7469879518072289,0.6495071193866374,4.11,18.92074,0.05651817836630202,3.1986308476394143,0.43911124953257924
000333,美的集团,unknown,0.028013364173734345,0.22416121844170012,0.6396495071193866,0.33406352683461116,5.56,25.571131,0.0245463502194736,0.020312209568118744,0.21308584790270968
000338,潍柴动力,unknown,-0.04980719794344479,-0.054456782617326005,0.9550930996714129,0.9474260679079957,3.27,21.430759,0.08874102246648641,0.1383110155966265,0.6027046090422228
000408,藏格矿业,unknown,-0.017875920084121977,0.031094830318410427,0.6341730558598029,0.8225629791894852,9.24,64.231124,0.2960846818591527,1.1060445278939968,0.48245517239787244
000425,徐工机械,unknown,-0.0893433799784713,-0.11200905471720024,0.511500547645126,0.696604600219058,3.34,22.051513,0.09258451752040564,0.008623712165648945,0.5159725750394077
000538,云南白药,unknown,0.009629174349518488,0.0019036043933100544,0.013143483023001095,0.01642935377875137,4.96,30.633088,0.07022806744610377,0.05306797521732065,0.1665372009418094
000568,泸州老窖,unknown,-0.09956261510128905,-0.018094718091366646,0.018619934282584884,0.007667031763417305,7.32,85.817777,-0.1418913447396839,-0.19254786725465678,0.24780466859528208
000596,古井贡酒,unknown,-0.0944230333257764,-0.03149331982147119,0.13910186199342825,0.007667031763417305,6.3,77.845659,-0.18590366393765745,-0.31030852803948017,0.294467050732133
000617,中油资本,unknown,-0.06593406593406603,-0.14235293834502394,0.628696604600219,0.552026286966046,1.49,57.235599,-0.17237475127220558,0.22885308053498732,0.3505926043927448
000625,长安汽车,unknown,-0.10250000000000004,-0.023660273369600637,0.6166484118291348,0.0065717415115005475,0.45,14.075789,-0.042568014085437755,-0.7408744866333075,0.2601549467903355
000630,铜陵有色,unknown,-0.021739130434782705,-0.30493550531600466,0.8521358159912377,0.9123767798466593,3.59,7.576958,0.8359203757090372,0.1911712880053853,0.631951377789058
000651,格力电器,unknown,0.014040561622464809,0.20500995229182628,0.3329682365826944,0.033953997809419496,4.07,27.415781,0.0346152317074131,0.0300958796705475,0.19899924530406182
000657,中钨高新,unknown,0.15074370709382134,-0.1210424019375681,0.976998904709748,0.9890470974808324,9.03,30.450264,1.0647162841370146,2.64444359498522,0.824218059655527
000708,中信特钢,unknown,-0.005158437730287457,-0.06923928123408885,0.10952902519167579,0.13581599123767799,3.41,14.432855,-0.012874585373229164,0.09227928901467153,0.26015533003722646
000725,京东方A,unknown,0.21630094043887138,0.23997735808334175,0.9211391018619934,0.9649507119386638,1.26,15.595721,0.007951342047740173,0.057757578568586654,0.6907155052116338
000768,中航西飞,unknown,-0.01388888888888884,-0.10758274234063492,0.01095290251916758,0.01095290251916758,1.31,8.755926,-0.1701947875549622,-0.14728210553666476,0.38621960025273955
000776,广发证券,unknown,0.268474215842637,-0.014839896483061277,0.1566265060240964,0.8510405257393209,3.32,53.447282,0.64334766481177,0.707328073430963,0.4115132178905272
000792,盐湖股份,unknown,-0.006791171477079749,-0.025292985727823458,0.4085432639649507,0.4654983570646221,6.54,68.722459,0.9489197680942416,1.5478404989642418,0.46695178405964055
000807,云铝股份,unknown,-0.16036697247706422,-0.013901702322363763,0.09529025191675794,0.6615553121577218,10.64,31.574311,0.13684089382401998,2.6945356353763987,0.5559064653496618
000858,五 粮 液,unknown,-0.0902812037493832,0.07564407937477036,0.5728368017524644,0.007667031763417305,6.5,81.434385,0.33666963608642697,0.8256778567096432,0.21373519021082413
000895,双汇发展,unknown,-0.054119547657512146,0.07817354648310149,0.12705366922234393,0.01642935377875137,5.87,19.702609,0.021205247103594838,0.1358983117353787,0.21110174613034224
000938,紫光股份,unknown,0.19820143884892083,0.5414602825318084,0.7973713033953997,0.9791894852135816,5.21,12.882941,0.346087720553208,1.2605586077008408,0.6276647319458241
000963,华东医药,unknown,0.09378368666906223,0.4558411433608056,0.027382256297918947,0.027382256297918947,3.97,33.943073,0.04169819007485298,0.09563798075918295,0.3592409537797568
000975,山金国际,unknown,-0.07463369963369959,0.35844302667968275,0.007667031763417305,0.4184008762322015,8.93,40.667789,0.37408396013637835,1.0088845375910749,0.5872569788712764
000977,浪潮信息,unknown,0.1218216929514,0.3142688825839304,0.9003285870755751,0.904709748083242,2.75,6.639155,-0.24303121992158794,0.30737077513122113,0.5905303647441748
000988,华工科技,unknown,-0.04613227985217283,0.06104369351332295,0.976998904709748,0.976998904709748,5.61,19.811644,0.2713133155037202,0.5575870145748911,0.7718414836201597
000999,华润三九,unknown,0.0028913672036348093,0.1955934184358914,0.01533406352683461,0.06681270536692223,4.74,57.679586,0.18620434210063697,-0.15291685979755898,0.25175855960210825
001280,中国铀业,unknown,-0.046246938481486755,-0.18957718024520565,0.12037037037037036,0.009259259259259259,1.26,17.52503,0.08618135804259142,0.5271161591116131,0.36182549565167044
001391,国货航,unknown,-0.13535353535353534,0.2009662499757856,0.023465703971119134,0.023465703971119134,1.74,12.296577,0.007334671011539395,-0.18445836319182574,0.23408452092904972
001965,招商公路,unknown,-0.002105263157894721,-0.14960074835594028,0.8751369112814896,0.2661555312157722,1.9,25.86803,0.2689608565721122,0.01496119031323384,0.23498991766806235
001979,招商蛇口,unknown,-0.2047337278106508,-0.004294066308478839,0.9693318729463308,0.007667031763417305,0.04,10.194059,0.1574341167011568,-0.9121797135754002,0.38263892407929306
002001,新和成,unknown,-0.020793950850661602,-0.05195704210277119,0.21467688937568455,0.6768893756845564,5.37,42.880977,0.15719507713911263,-0.028023996444861532,0.4480575435151173
002027,分众传媒,unknown,-0.061224489795918435,0.08530419572105141,0.5783132530120482,0.140197152245345,12.13,68.740819,0.020092691701412146,0.5764605334981621,0.2760024904252066
002028,思源电气,unknown,-0.01853625556369387,0.09149312944235066,0.8795180722891566,0.9036144578313253,3.48,28.950384,0.4159559230751786,0.2316986834820982,0.6122059677918712
002049,紫光国微,unknown,0.11125951649525834,0.2713324818918399,0.4654983570646221,0.39978094194961666,2.4,52.581069,0.46107099208171487,1.8027101427409717,0.4892950492571545
002050,三花智控,unknown,-0.02862555251525989,0.47926821658062235,0.732749178532311,0.39978094194961666,2.88,27.796688,0.013573975694354257,0.02679345079885853,0.5038796972042483
002074,国轩高科,unknown,-0.10863045651449521,-0.14189329954834806,0.04928806133625411,0.2968236582694414,0.07,16.05657,0.292964776523146,-0.7903938444990801,0.41459414101433334
002142,宁波银行,unknown,0.004908376963350891,0.12959180260411673,0.452354874041621,0.3548740416210296,3.595,43.72547,0.10213571235469043,0.1030066064446542,0.23424156303385588
002179,中航光电,unknown,0.1590788777130756,0.0788214349254368,0.8608981380065718,0.39430449069003287,1.63,27.996145,0.006938553939940473,-0.3775422162944665,0.5005068759824214
002202,金风科技,unknown,0.039565217391304364,0.37155401810131927,0.8477546549835706,0.9211391018619934,2.23,16.762874,0.6347910291970178,0.5964766067741036,0.5252887258260208
002230,科大讯飞,unknown,-0.11688029545948297,-0.04408961146359858,0.35706462212486306,0.13472070098576122,-0.91,38.97253,0.1323309070210259,-0.12174332368416951,0.3639995093965583
002236,大华股份,unknown,-0.01654846335697402,0.025342828414919305,0.3209200438116101,0.1456736035049288,1.83,43.765401,0.10329339348059108,0.06807822132739871,0.2930996732224017
002241,歌尔股份,unknown,-0.13497179693795336,-0.1395293064972115,0.18619934282584885,0.22343921139101863,1.37,13.766487,0.14435689062667434,0.07282577672381452,0.45122142459749365
002304,洋河股份,unknown,-0.060417166147206935,0.037696868696219354,0.9660460021905805,0.0065717415115005475,5.09,75.416194,-0.2602939129059201,-0.32733458037281704,0.2235168125469698
002311,海大集团,unknown,0.09802095459837012,0.08799999824420168,0.3132530120481928,0.040525739320920046,3.55,9.921644,0.13190610912409517,-0.3082066306955302,0.3448310423295848
002352,顺丰控股,unknown,-0.05536431440045897,0.08229520650770294,0.013143483023001095,0.013143483023001095,2.52,13.737617,0.06144884280761698,0.13048580765259277,0.18968343872987833
002353,杰瑞股份,unknown,0.13558534642951958,-0.16310321976966402,0.9989047097480832,0.9989047097480832,2.52,33.616605,0.2248072842923634,0.263218672482078,0.6878461105622198
002371,北方华创,unknown,0.3330900283671474,0.16417718057685526,0.7656078860898138,0.8335158817086528,4.25,40.772789,0.25796090241943137,0.03418201634518869,0.5754801202200274
002384,东山精密,unknown,0.013775348900230355,0.046601342947422575,0.9802847754654983,0.9879518072289156,5.05,19.327535,0.5272343274234259,1.4347103169782645,0.8400936815859773
002415,海康威视,unknown,0.08152173913043459,0.2144756889546482,0.2847754654983571,0.2322015334063527,3.28,49.085471,0.11782845138124665,0.36419965367970053,0.3504192336833568
002422,科伦药业,unknown,0.37908119040739674,0.8786268270096758,0.9989047097480832,0.9989047097480832,1.86,45.313711,-0.029761998438849524,-0.22343769465375707,0.5165764499208154
002460,赣锋锂业,unknown,-0.04295506473724309,-0.21919705165964976,0.7973713033953997,0.4786418400876232,4.02,29.718673,1.4381349449959853,-6.163357219347345,0.5089553504007587
002463,沪电股份,unknown,-0.03295301005854967,-0.07419832663885606,0.9813800657174151,0.9813800657174151,7.81,35.632417,0.5390614097654189,0.629033090550732,0.7555825603971442
002466,天齐锂业,unknown,-0.0025397900440231602,-0.24036074967440135,0.9474260679079957,0.5268346111719606,4.31,62.65606,0.9843829227260856,16.991224018669723,0.5609848944814473
002475,立讯精密,unknown,-0.08564781154573209,-0.03594882200730776,0.6527929901423878,0.5695509309967142,4.2,11.92052,0.35768940620107026,0.2024161935597475,0.699804313249766
002493,荣盛石化,unknown,0.0734908136482939,0.0159453178537885,0.6856516976998904,0.5695509309967142,6.26,19.693511,-0.19134363557387868,3.7846388798328894,0.5080921921565674
002532,天山铝业,unknown,-0.15930485155684293,0.08764859903044386,0.1456736035049288,0.6506024096385542,7.27,35.605213,0.06553903302989705,1.0969647607983828,0.5472970894324205
002558,巨人网络,unknown,0.0639782861574254,0.32750165054712177,0.47535596933187296,0.8050383351588171,6.81,95.377689,2.217004406829204,2.105778080960714,0.4957638442286938
002594,比亚迪,unknown,-0.05881088055047845,0.28357864137594646,0.4611171960569551,0.007667031763417305,1.65,18.806213,-0.11819136563904786,-0.5538440532671545,0.32244923630486977
002600,领益智造,unknown,0.07625994694960214,0.28307821588790394,0.9956188389923329,0.9802847754654983,1.62,16.543396,0.09993565128572235,-0.30704939563424105,0.6619615078571148
002602,世纪华通,unknown,-0.05689424364123152,-0.1579094738276947,0.3198247535596933,0.8116100766703176,6.46,72.047882,0.35185542147830473,0.5017972384024945,0.4257262225677734
002625,光启技术,unknown,-0.17516688918558088,-0.037979670671486665,0.40744797371303393,0.6582694414019715,1.81,49.853559,0.40279316682846367,0.1702713179375741,0.5013634223573603
002648,卫星化学,unknown,0.052855924978687074,0.13005283285890723,0.696604600219058,0.5388828039430449,6.14,24.337942,0.02822005881337386,0.3497262144757285,0.5099301532603336
002709,天赐材料,unknown,0.007815713698066773,0.06629190186969525,0.48521358159912376,0.45016429353778753,8.84,38.65346,0.9129078266885278,10.057510118643863,0.6717952251804856
002714,牧原股份,unknown,0.10325156873930408,0.5729377352351743,0.8838992332968236,0.024096385542168676,-1.57,5.171922,-0.17103041649084383,-1.2705000164139153,0.3657994930572178
002736,国信证券,unknown,0.08996897621509814,0.13297251239524455,0.12595837897042717,0.19605695509309967,1.83,54.021713,-0.045427217435879075,-0.09627914824086337,0.3070435283069299
002837,英维克,unknown,0.12382397572078907,-0.17257707296527913,0.9375684556407448,0.9167579408543264,0.25,24.293461,0.26029083568273315,-0.8196726402714036,0.7349153777320953
002916,深南电路,unknown,0.18016085790884717,0.041074510885263926,0.9945235487404163,0.9945235487404163,4.83,29.169011,0.3789944730356398,0.7300517686647927,0.6891884088997924
002920,德赛西威,unknown,-0.10432111840711722,0.1218324335398222,0.0065717415115005475,0.0065717415115005475,2.95,18.596436,-0.043695800072999336,-0.2074038175708004,0.4647939793036432
002938,鹏鼎控股,unknown,-0.0937708036138849,-0.14420379341319955,0.976998904709748,0.976998904709748,1.35,22.948496,-0.012486438963023816,-0.05206747371395892,0.7950302308585475
003816,中国广核,unknown,-0.10161662817551964,-0.07524694950809185,0.8543263964950711,0.6308871851040526,2.2,39.372794,-0.13250160045308534,-0.09327846337333145,0.28563462041514953
300014,亿纬锂能,unknown,0.019577537351880503,-0.2654949250717613,0.42168674698795183,0.39430449069003287,3.35,14.038297,0.6161017748273183,0.313489123781199,0.5676863460402863
300015,爱尔眼科,unknown,-0.007025761124121677,0.1067935187950182,0.01642935377875137,0.014238773274917854,5.25,47.733116,0.061457961611459444,0.12461922470071252,0.3789390104838375
300033,同花顺,unknown,0.15898770104068105,0.07098743737445767,0.6462212486308871,0.9463307776560789,2.67,84.988113,0.4080630395873801,1.1258475463877566,0.6121751353554562
300059,东方财富,unknown,0.14362850971922247,0.015110898646705673,0.18181818181818182,0.2902519167579409,3.99,85.70517,0.4433801552734964,0.37669892046297915,0.4497593125675086
300122,智飞生物,unknown,-0.01768488745980701,0.09347021661990662,0.1686746987951807,0.27163198247535597,-2.48,29.157583,-0.08643750822803198,0.1878519055333876,0.3727692065727172
300124,汇川技术,unknown,-0.08990410229088974,0.3573439620081238,0.484118291347207,0.044906900328587074,2.83,29.077055,0.1297976281041855,-0.23387362891072572,0.48371167806614807
300251,光线传媒,unknown,-0.05149501661129563,0.13772797634323886,0.03285870755750274,0.6659364731653888,0.23,44.129931,-0.935918186359167,-0.9884533196808862,0.4353312933554256
300274,阳光电源,unknown,-0.1663089430894309,0.1781653031239172,0.47316538882803943,0.3373493975903614,4.81,33.262931,-0.18258672180953828,-0.4011570312262479,0.6925294630290334
300308,中际旭创,unknown,-0.06870397206755985,-0.013176907408895655,0.9441401971522454,0.9780941949616648,17.54,46.058133,1.921169094232574,2.6228365713294144,0.6292611371421176
300316,晶盛机电,unknown,-0.01411331560646345,0.08160110885716176,0.9660460021905805,0.447973713033954,0.6,29.443539,-0.4488228307791533,-0.8210029634918872,0.8033880517328184
300394,天孚通信,unknown,-0.27271611378770677,-0.08811919563160275,0.9288061336254108,0.9288061336254108,8.57,56.603933,0.40824278307310524,0.4578790203136782,0.8468788237977743
300408,三环集团,unknown,0.051175554401839074,-0.0037482990440269592,0.9890470974808324,0.9890470974808324,3.59,43.488932,0.4625134848709036,0.4848352330095016,0.8726511028574262
300413,芒果超媒,unknown,-0.09183673469387754,-0.0025607934293282453,0.35268346111719606,0.007667031763417305,0.85,23.31157,0.06348914142429751,-0.47370409165977045,0.2843150614003248
300418,昆仑万维,unknown,0.06296296296296289,0.4674421040560417,0.0963855421686747,0.8871851040525739,-6.98,66.233597,0.45691282444119996,0.15343005709042346,0.6441250029621614
300433,蓝思科技,unknown,0.1346749226006192,-0.24770190355915944,0.9233296823658269,0.9912376779846659,-0.27,14.554598,-0.1713422022998493,-1.3488133916247704,0.743983562147222
300442,润泽科技,unknown,0.03567303990760928,0.3560681398808663,0.452354874041621,0.6768893756845564,4.17,46.798813,0.5355318005448095,0.3534834398843687,0.6636072925602678
300450,先导智能,unknown,-0.18799571275455507,-0.21291499272233172,0.4140197152245345,0.36911281489594744,3.03,33.612077,0.19112980999013218,0.10989936684846646,0.5821711032554459
300476,胜宏科技,unknown,-0.13611684862791384,-0.026352700371039872,0.8116100766703176,0.8806133625410734,7.62,34.458493,0.2799278264953664,0.3994799885324656,0.7648663509768987
300498,温氏股份,unknown,0.08280757097791813,0.3157220667341296,0.8751369112814896,0.07776560788608981,-2.59,2.707856,0.0030603100718349374,-1.5315241983513501,0.33253235270891474
300502,新易盛,unknown,-0.050038419010851154,0.048425937223798066,0.8532311062431545,0.976998904709748,14.52,49.160955,1.0575948145903613,0.7679983242812436,0.8322427165100468
300628,亿联网络,unknown,-0.14416243654822336,0.1664670190870745,0.02190580503833516,0.0208105147864184,6.79,65.237071,0.1882590545012195,0.1667643468274127,0.44620181663490727
300661,圣邦股份,unknown,0.2620196770001857,0.08761439111353453,0.8904709748083242,0.660460021905805,2.31,51.628284,0.39081197231446985,1.0695942971911006,0.6428331630924217
300750,宁德时代,unknown,-0.07069478908188587,-0.11076507842928585,0.26944140197152244,0.32201533406352684,5.98,24.815621,0.5244869554824236,0.485237160697918,0.4020527342355842
300760,迈瑞医疗,unknown,-0.026248355149248503,0.16874893801557134,0.024096385542168676,0.009857612267250822,5.96,61.870083,0.013941290693123554,-0.11372013981418205,0.30096973850475356
300803,指南针,unknown,0.012145748987854255,-0.13178623788360833,0.6725082146768894,0.7404162102957283,3.91,89.982389,0.3096279911199924,-0.19796028890707562,0.5928231181147802
300832,新产业,unknown,-0.07891187050359705,0.396000501228551,0.001095290251916758,0.001095290251916758,4.72,73.479355,0.003400968384612346,0.010238229510482366,0.39674442482860683
300866,安克创新,unknown,-0.04599340404670649,0.07381084563651408,0.5268346111719606,0.6144578313253012,4.35,43.640113,0.26934119672689016,-0.04874729067568595,0.5878278229051814
300896,爱美客,unknown,-0.07382686084142387,0.07024463068829845,0.028477546549835708,0.009857612267250822,3.86,92.489468,-0.04477684589550768,-0.32786439217015484,0.32956426677799083
300999,金龙鱼,unknown,-0.03500583430571769,0.11808034375563103,0.01095290251916758,0.01095290251916758,1.52,6.771983,0.10921603600607144,0.5097914945084281,0.254675988064873
301165,锐捷网络,unknown,0.5997490589711418,1.0613239418896887,1.0,1.0,2.43,35.696828,0.18261643706885922,0.14587073187096533,0.8341436615144308
301236,软通动力,unknown,-0.07688622754491015,-0.07736307339650339,0.9612452350698857,0.3634053367217281,-2.82,7.783908,0.15786655543620243,0.7699108383839235,0.7299710845065177
301269,华大九天,unknown,0.18717714980249145,0.29055180809691494,0.004867872044506259,0.6161335187760779,-1.39,78.802401,0.09649041601567099,-8.515375791081276,0.8070203763899967
301308,江波龙,unknown,0.3111286321416895,0.09293545349037635,0.5758211041229909,0.9986023759608665,39.4,55.527428,1.3279283242027424,-26.440496580336394,0.8904813895222805
302132,中航成飞,unknown,-0.014325163962719989,0.0070590954807296935,0.3209200438116101,0.3253012048192771,0.9,9.706345,0.7971160036156695,0.23159466244003069,0.3754424858511927
600000,浦发银行,unknown,-0.04496788008565311,-0.103378346853227,0.5717415115005476,0.42278203723986857,2.32,46.784617,0.014176211837463537,0.014944880100011382,0.19787625741790246
600009,上海机场,unknown,-0.005134788189987249,0.024571386588015054,0.5410733844468785,0.01095290251916758,1.35,24.934587,0.008145837655387123,0.11332274872286119,0.21725044751855974
600010,包钢股份,unknown,-0.09090909090909083,-0.22618383252161256,0.038335158817086525,0.6790799561883899,-0.89,6.601383,-0.1373188196612618,-11.290351444972014,0.37882653662801896
600011,华能国际,unknown,-0.11823899371069191,-0.08320832830965497,0.3877327491785323,0.0700985761226725,5.78,19.521102,-0.05887669321304245,-0.0983000068375598,0.44442878080838205
600015,华夏银行,unknown,-0.005856515373352855,-0.05618993577303877,0.5826944140197152,0.35268346111719606,1.57,26.955568,0.3533032867978454,-0.015010863124629625,0.2176182852628491
600016,民生银行,unknown,-0.04843304843304841,-0.0209977914511823,0.48083242059145676,0.0065717415115005475,2.02,34.403257,0.027408795805829556,-0.09637419557369331,0.16550345660423332
600018,上港集团,unknown,-0.009920634920634885,-0.019358747543145705,0.3023001095290252,0.019715224534501644,2.8021,39.423448,0.08041766658860983,0.025715024822649868,0.16963207689150644
600019,宝钢股份,unknown,0.01618705035971235,-0.30542634540511415,0.4184008762322015,0.0208105147864184,1.07,6.622047,0.05737623661746416,-0.08608717805096489,0.21832384019097284
600023,浙能电力,unknown,-0.09682804674457435,-0.2465687582446311,0.43373493975903615,0.5487404162102957,1.23,5.44992,-0.1102364121865902,-0.11840345331347202,0.4354300170979092
600025,华能水电,unknown,-0.029442691903259655,-0.1858394567333047,0.5038335158817087,0.34611171960569553,2.1,51.988639,0.07020469205845226,0.02322868446379389,0.23109362912961168
600026,中远海能,unknown,-0.012507106310403526,-0.08461935986748592,0.5279299014238773,0.6637458926615553,4.5762,42.658288,0.2692181748058242,2.067376066923279,0.6238640403430182
600027,华电国际,unknown,-0.09920634920634919,-0.220134248556639,0.33515881708652795,0.18729463307776562,3.39,12.634887,-0.09432422862481649,-0.09930456239299024,0.32524934984763787
600028,中国石化,unknown,0.008368200836819994,-0.03242586153334792,0.8389923329682366,0.3176341730558598,2.04,19.888919,-0.03897567980678751,0.2821170084439084,0.19987558924427784
600029,南方航空,unknown,0.0019157088122607746,-0.06902946885583638,0.9539978094194962,0.35049288061336253,4.07,10.819974,0.1007901951298178,-2.9825970548862113,0.37155792746804206
600030,中信证券,unknown,0.15716547901821065,0.05207437676753601,0.15005476451259583,0.6330777656078861,3.46,57.093996,0.40913815604729264,0.5460182246042824,0.3326118074780803
600031,三一重工,unknown,0.01286863270777494,0.09999462895759414,0.2475355969331873,0.17853231106243153,2.77,27.480319,0.14025761627081157,0.004593016687042706,0.4105930041682734
600036,招商银行,unknown,-0.0220321410057025,0.00534743510555824,0.3537787513691128,0.07447973713033954,3.37,51.374511,0.038077157287674135,0.015179960306817675,0.1748464229099761
600039,四川路桥,unknown,0.01904761904761898,0.02782728932318479,0.7108433734939759,0.17086527929901424,2.8,14.239784,-0.04102464619128632,-0.1571543011734503,0.3258531499151614
600048,保利发展,unknown,-0.10526315789473695,0.10573198245335536,0.08214676889375684,0.007667031763417305,0.47,13.496984,-0.15738469336737426,-0.5706315396981284,0.31231753702398307
600050,中国联通,unknown,-0.04195804195804187,-0.1297139678564082,0.024096385542168676,0.14238773274917854,1.24,23.727921,-0.005123380108512765,-0.17989000362243157,0.26080648380379445
600061,国投资本,unknown,0.07766990291262132,-0.011107025841746943,0.3132530120481928,0.10514786418400876,1.39,67.839446,0.3181142026793644,0.126276557011598,0.2875164080430109
600066,宇通客车,unknown,-0.04023552502453387,-0.0749378694072319,0.014238773274917854,0.696604600219058,4.14,23.55832,-0.0792063149820702,-0.1268851573024643,0.37893597257221745
600085,同仁堂,unknown,-0.031849734585545075,0.11331241705050554,0.06462212486308871,0.01095290251916758,3.4,41.657348,-0.11593368333352061,-0.19070603626644156,0.23687379223228397
600089,特变电工,unknown,-0.1557928034796361,-0.22214146967873882,0.7864184008762322,0.5027382256297919,2.5539,21.119184,0.06750421354503655,0.13395220256746732,0.4104425909986093
600104,上汽集团,unknown,-0.1282922684791844,-0.11443792260948404,0.5377875136911281,0.007667031763417305,1.01,12.827926,-0.0031397257109176957,0.0009338455273222301,0.18652917923401532
600111,北方稀土,unknown,-0.0446284329563813,-0.3271940986934131,0.7053669222343921,0.6100766703176341,3.65,13.223781,0.2769358845811678,1.1311732452324677,0.5296430365468235
600115,中国东航,unknown,-0.02777777777777779,-0.04605648707776466,0.968236582694414,0.787513691128149,10.9,8.251484,0.10938154822486967,-2.641206030150754,0.47436888522966797
600118,中国卫星,unknown,-0.02118893466745142,0.2411643798070553,0.9791894852135816,0.9309967141292442,-0.67,14.023134,0.37893219015735724,0.7706799741897603,0.6733871683179833
600150,中国船舶,unknown,0.04700973574408884,0.2500732153583438,0.023001095290251915,0.1829134720700986,3.3,17.475269,0.5489683424884451,2.5164066344362186,0.4387878376956207
600160,巨化股份,unknown,0.26092544987146526,-0.01777119934778104,0.5553121577217963,0.9934282584884995,5.58,34.387847,0.037479315219614895,0.4592621601067577,0.6477230140264983
600176,中国巨石,unknown,0.7264610389610391,0.05068945993870244,0.9934282584884995,0.9934282584884995,4.0,39.637799,0.17929050931412926,0.7348310313396862,0.7974202099013012
600183,生益科技,unknown,0.12310716365754226,-0.13662096319763783,0.9901423877327492,0.9901423877327492,6.68,28.10132,0.45088535139881536,1.054723584166001,0.7151258243492482
600188,兖矿能源,unknown,-0.24950099800399206,0.1478563285213066,0.9419496166484118,0.4830230010952902,3.84,25.918172,0.01830613593809538,0.4214394280557323,0.5745189973842804
600196,复星医药,unknown,0.09355131698455943,0.4697474052618704,0.07995618838992333,0.07995618838992333,1.78,49.700914,0.06930767594018739,0.13869468046800226,0.27120603083216643
600219,南山铝业,unknown,-0.14314928425357865,-0.017962644564240016,0.5465498357064622,0.583789704271632,2.09,21.638107,0.009547040097409365,-0.3538684446720991,0.48948194143549806
600221,海航控股,unknown,-0.07382550335570481,-0.35938826753975195,0.6615553121577218,0.29353778751369114,28.1,11.865639,0.04954651358402584,5.336286241065985,0.2924816274763522
600233,圆通速递,unknown,0.022313564298297006,0.7229995293006839,0.20920043811610076,0.23986856516976998,3.88,11.17545,0.10013836555295819,0.6075721419819211,0.3988003409305332
600276,恒瑞医药,unknown,0.2058198810535261,0.37797995251723715,0.11938663745892661,0.0887185104052574,4.15,86.598607,0.12975362979303684,0.21782316948345093,0.37514109542427204
600309,万华化学,unknown,-0.019873033397736606,0.1206739916458226,0.6451259583789705,0.10405257393209201,3.38,14.728043,0.25504673217752827,0.20623880961541374,0.3681684681584145
600346,恒力石化,unknown,0.10495283018867907,-0.018469450651139474,0.6046002190580504,0.4315443592552026,5.69,13.976353,-0.1373589845646065,0.9065413570081866,0.5402444022874968
600362,江西铜业,unknown,-0.054553651938683556,-0.18040475638643771,0.8269441401971522,0.8806133625410734,3.41,5.069891,0.25387659768617055,0.44310456182184876,0.6362233100764872
600372,中航机载,unknown,-0.004496402877697703,0.15260411519401051,0.592552026286966,0.03066812705366922,0.47,25.96353,-0.017531858661945066,0.7847994254610737,0.2787927061527329
600406,国电南瑞,unknown,0.007832898172323688,-0.07630077138167546,0.023001095290251915,0.012048192771084338,1.36,25.095322,0.07522465627316754,0.06042416850953636,0.2925109848315535
600415,小商品城,unknown,-0.05934455270150574,-0.1534873967924355,0.012048192771084338,0.44468784227820374,4.23,33.778523,0.45291370202910697,0.23292987779000685,0.4491882103387134
600426,华鲁恒升,unknown,-0.056261343012704246,0.10910710826194503,0.6100766703176341,0.1829134720700986,3.32,22.280229,0.07360013690134659,0.5796482544747903,0.40261859788202636
600436,片仔癀,unknown,-0.05383159107745483,0.21458659003687064,0.01642935377875137,0.01095290251916758,5.0,42.182097,-0.12740561708275222,-0.256355353574522,0.29601067990726004
600438,通威股份,unknown,-0.14411764705882346,-0.0009653982206366818,0.3702081051478642,0.03504928806133625,-6.49,-4.028204,-0.23901494388997624,-0.05721166652586407,0.39457264802118025
600460,士兰微,unknown,0.3731958762886596,0.10707398903227272,0.76013143483023,0.6407447973713034,1.73,19.788227,0.1731228962367648,0.40568907749084904,0.6448194029667899
600482,中国动力,unknown,-0.05772811918063314,-0.0017426396458920523,0.39430449069003287,0.963855421686747,1.45,18.90736,0.04453842049299328,0.4864170572730242,0.7047512789294158
600489,中金黄金,unknown,-0.072072072072072,0.3606871320947893,0.008762322015334063,0.8324205914567361,7.54,20.465565,0.5200921898426547,1.2923460119915542,0.5218637668302538
600515,海南机场,unknown,-0.09090909090909094,-0.09722916813314686,0.8499452354874042,0.007667031763417305,0.46,32.004289,0.5986621057056207,0.12020687244776496,0.2671201788890811
600519,贵州茅台,unknown,-0.029370370668232226,-0.06197870433638841,0.0065717415115005475,0.007667031763417305,10.57,89.759217,0.063360092771233,0.0147141829498314,0.21972205836721262
600522,中天科技,unknown,0.04254395485131335,-0.15301904778526731,0.8970427163198248,0.9846659364731654,2.43,15.58141,0.347112176696875,0.46420350594502735,0.8357207633157195
600547,山东黄金,unknown,-0.0802139037433155,0.3169095678404894,0.13581599123767799,0.2573932092004381,4.2,18.296676,0.2537264408259159,0.408736642906369,0.47848510268260247
600549,厦门钨业,unknown,0.1548744701662863,-0.1472843686913451,0.9014238773274917,0.9813800657174151,6.24,21.003788,0.8699074166140104,1.8913564286121218,0.7636901939461607
600570,恒生电子,unknown,-0.08500435919790772,-0.03264394345494337,0.10295728368017525,0.029572836801752465,1.4,67.957175,-0.1175213324338571,3.4287128143708854,0.36143518093399324
600584,长电科技,unknown,0.2583035596136034,0.007545137800065493,0.9956188389923329,0.9956188389923329,1.01,14.548409,-0.01757947088015266,0.4273587991259795,0.8018324020807527
600585,海螺水泥,unknown,-0.07873594001071249,-0.11034437154668231,0.5629791894852135,0.007667031763417305,0.76,21.25829,-0.10452509339448879,-0.18980821745681853,0.2042475854863538
600588,用友网络,unknown,-0.14192343604108326,-0.05287549761691479,0.4600219058050383,0.1851040525739321,-10.28,44.717825,0.058950185603370286,-0.017945985679994836,0.42949854079683625
600600,青岛啤酒,unknown,-0.08810720268006711,-0.20381905646344411,0.01095290251916758,0.01095290251916758,5.71,42.742989,-0.015356682087071416,0.05228611103054148,0.19364266438046013
600660,福耀玻璃,unknown,0.0033582089552239847,0.10575054927172967,0.02190580503833516,0.3428258488499452,4.46,37.37907,0.05075813469204715,-0.15676921122114562,0.2666684618337979
600674,川投能源,unknown,-0.04290429042904298,-0.26594236035105345,0.07338444687842278,0.02190580503833516,3.18,54.048179,-0.09561734761410301,-0.01761010754610215,0.2369909485562034
600690,海尔智家,unknown,0.013293943870014813,-0.05331821371868983,0.033953997809419496,0.019715224534501644,3.86,25.343786,-0.06864988379493653,-0.1521889486846354,0.2489490856669181
600741,华域汽车,unknown,-0.04016538688718252,-0.02078154980656577,0.06900328587075576,0.014238773274917854,1.84,12.134448,-0.009722199730014092,-0.026272594825143547,0.21717524257292808
600760,中航沈飞,unknown,0.008148148148148016,-0.07201202130035256,0.09748083242059145,0.007667031763417305,0.7,10.580759,-0.5523114365484747,-0.6168727932836741,0.3223824166804204
600795,国电电力,unknown,-0.0650887573964497,-0.2411614364014838,0.42168674698795183,0.2858707557502738,2.32,12.31946,-0.016176369106886135,-0.22788563287030095,0.2592842989933806
600803,新奥股份,unknown,-0.11192087454450816,-0.021170157492110375,0.4786418400876232,0.012048192771084338,2.68,12.341878,-0.07646832697137107,-0.3292094671405016,0.28377228710627417
600809,山西汾酒,unknown,-0.0843235270015571,-0.08519796407892388,0.007667031763417305,0.007667031763417305,12.57,75.046836,-0.09680149759211065,-0.19029852534585034,0.2908992917968965
600845,宝信软件,unknown,-0.05900621118012428,0.3938606010039123,0.48521358159912376,0.012048192771084338,3.39,30.767956,0.04172320889796044,-0.14252332348871988,0.4363971408414615
600875,东方电气,unknown,-0.09458637469586384,-0.007673931655533983,0.7940854326396495,0.9101861993428259,3.44,17.182121,0.055707180776794596,0.3740911910703073,0.5724172766668929
600886,国投电力,unknown,-0.0181950509461426,-0.20307276391054319,0.05366922234392114,0.06900328587075576,3.06,45.045652,-0.04633167537900873,0.01914107533460041,0.21537674600607176
600887,伊利股份,unknown,-0.0233735878457344,-0.018157145767026095,0.06462212486308871,0.03943044906900329,9.44,38.374706,0.054718973008351934,0.10679850661484425,0.2112298504465771
600893,航发动力,unknown,-0.08489004492787888,-0.05505148464344167,0.8346111719605696,0.3329682365826944,0.0064,10.909279,0.14799496811108748,-0.6592800784775961,0.47834030983972875
600900,长江电力,unknown,-0.01521187975371241,-0.11868523867762337,0.14676889375684557,0.380065717415115,3.01,55.646317,0.06442778170349395,0.3050157685080972,0.1456135570254486
600905,三峡能源,unknown,-0.09738717339667458,-0.4099714541577232,0.9671412924424972,0.0065717415115005475,1.17,39.65831,-0.08917774204571349,-0.5749151915664326,0.2058247333975556
600918,中泰证券,unknown,0.037735849056603765,-0.06468603125728423,0.32968236582694416,0.0208105147864184,0.97,23.592161,0.25136663686026517,0.26800579620722664,0.2706763335559533
600919,江苏银行,unknown,0.0017574692442881013,-0.0074002023400645545,0.8926615553121577,0.9123767798466593,4.0925,54.643778,0.08411806101543173,0.08200989304400008,0.1830764317234651
600926,杭州银行,unknown,-0.015404364569961526,0.11475001671426521,0.3964950711938664,0.23110624315443593,4.69,73.741999,0.042888089189810685,0.10094037337577944,0.19493957292818082
600930,华电新能,unknown,-0.19269102990033216,-0.2576065518379723,0.6825842696629213,0.025280898876404494,1.74,40.808136,0.09964387559324694,-0.2944494237336335,0.3250879906418015
600938,中国海油,unknown,-0.19641841955656625,-0.03400117273189507,0.7924528301886793,0.5250487963565387,4.77,51.173769,0.08633275310236388,0.07059048765145093,0.35175344869896435
600941,中国移动,unknown,-0.09585944724134388,-0.0869912489884348,0.2696287279367012,0.24771758977480218,2.1,25.350685,0.010304822565968985,-0.042081551369527626,0.17068748279431387
600958,东方证券,unknown,0.06570155902004449,-0.04173475300695029,0.054764512595837894,0.21358159912376778,1.94,49.095448,0.0528869542273549,0.10550384118362555,0.3101860067590483
600989,宝丰能源,unknown,-0.09816474605207004,-0.1960657804228242,0.017524644030668127,0.4611171960569551,7.28,37.404287,0.22895695481113143,0.5022975703560446,0.4213032721715964
600999,招商证券,unknown,0.2682060390763765,0.21185255381533707,0.515881708652793,0.8291347207009858,2.54,54.776452,0.4795847326766156,0.4172841360432298,0.34194529784937894
601006,大秦铁路,unknown,-0.07543520309477747,0.10487871949370464,0.9331872946330778,0.0065717415115005475,1.44,14.522207,0.04321409268147547,-0.07263845835918104,0.17949041377813044
601009,南京银行,unknown,-0.026484018264840148,0.04407991482430251,0.5323110624315444,0.22234392113910187,3.57,50.01173,0.1354001101337574,0.08046479609919643,0.23268448613627019
601012,隆基绿能,unknown,-0.05940594059405946,-0.0752641413333337,0.3702081051478642,0.09309967141292443,-3.61,-1.187933,-0.1802546120150258,0.3419756645620464,0.3639932306852005
601018,宁波港,unknown,-0.020588235294117574,0.008079116747871762,0.013143483023001095,0.014238773274917854,1.44,27.883906,0.15648537278071428,-0.004426714139105337,0.20551062255830327
601021,春秋航空,unknown,0.043355119825708055,-0.13640234888777214,0.5093099671412924,0.04271631982475356,5.3,20.050963,0.14158256146029435,0.45145198171595613,0.36440584322168373
601058,赛轮轮胎,unknown,0.04267310789049916,0.11966560917135394,0.2606790799561884,0.027382256297918947,4.8,26.862188,0.12475389922638547,0.017165545291919493,0.422874618022398
601059,信达证券,unknown,0.035228677379480766,-0.14620974164762368,0.02877697841726619,0.09592326139088729,1.81,49.715329,0.13006451689207132,1.208739649579825,0.24811111676248332
601066,中信建投,unknown,0.16788916055419723,0.042574391319482485,0.18838992332968238,0.42059145673603504,4.02,60.636339,0.6226498155531204,0.9902937757158305,0.4359351771995239
601077,渝农商行,unknown,-0.013824884792626668,0.10190075906691876,0.7305585980284776,0.7437020810514786,2.9875,60.649691,0.08394368739683222,0.050719269610471684,0.25040162741957817
601088,中国神华,unknown,-0.13623248145094824,-0.11581163459504906,0.9441401971522454,0.6987951807228916,2.4,32.889185,0.011669181576489107,-0.10728931291321453,0.30962335706295385
601100,恒立液压,unknown,0.0025597269624573205,0.24471440103600717,0.9868565169769989,0.7929901423877328,3.71,38.573534,0.3252141867120357,0.05587751469446123,0.4824301092870437
601111,中国国航,unknown,-0.04327666151468301,-0.06461466426701445,0.8061336254107339,0.30120481927710846,3.96,7.864876,0.11276217337670413,-1.838602186993791,0.3903752686450956
601117,中国化学,unknown,0.02815013404825728,-0.14099935820475962,0.038335158817086525,0.050383351588170866,2.3,9.35732,0.03251631842958247,0.08457888412706138,0.37102693322904096
601127,赛力斯,unknown,-0.20037328356219175,0.014968211637446993,0.6308871851040526,0.0032858707557502738,1.83,26.238315,0.34462859318588324,0.008921162241436242,0.34819856268123883
601136,首创证券,unknown,0.050215208034433356,0.03769253403868977,0.025541795665634675,0.027089783281733747,1.41,42.074872,0.30798808708173464,0.3018869367912622,0.31400288502882884
601138,工业富联,unknown,-0.14137186065352414,-0.21712054482464616,0.8422782037239869,0.882803943044907,6.18,7.350507,0.5651778086583659,1.0254851336561024,0.6600014178461622
601166,兴业银行,unknown,-0.054696132596685154,-0.09550845089891147,0.43373493975903615,0.018619934282584884,2.89,49.70775,-0.010649569886679977,0.001512859304084735,0.18622459909245456
601169,北京银行,unknown,0.0,-0.03195126727107911,0.9452354874041621,0.0416210295728368,2.905,48.614725,0.1443335084953583,0.055526590198123005,0.16208797765086222
601186,中国铁建,unknown,-0.028301886792452935,-0.19339596275988358,0.6013143483023001,0.007667031763417305,1.38,7.855363,-0.09806701078506896,-0.14723885883846488,0.17291984335594324
601211,国泰海通,unknown,0.2421580928481808,0.0382528908751798,0.9200438116100766,0.6845564074479737,1.95,51.560281,0.5890692461451719,-0.47815412352742404,0.29717536862208277
601225,陕西煤业,unknown,-0.11115384615384616,0.04102683891796044,0.9386637458926615,0.5629791894852135,4.21,31.12328,-0.030105552317395534,-0.12378955491961396,0.40094566706585494
601229,上海银行,unknown,-0.005494505494505364,-0.08302945466987133,0.7020810514786419,0.5509309967141293,2.54,54.465444,0.042504204374019805,0.006604672141608203,0.18720960636698897
601238,广汽集团,unknown,-0.12950819672131153,0.12645784841381014,0.2343921139101862,0.007667031763417305,-0.63,-0.88927,0.017588473602118126,-0.10292032202420709,0.21906564833920256
601288,农业银行,unknown,-0.061320754716981174,-0.04316202424809523,0.7929901423877328,0.7864184008762322,2.6475,38.211922,0.10489409344632894,0.04523779733355582,0.22925003769256347
601318,中国平安,unknown,-0.031696946269810566,-0.06954504767590974,0.033953997809419496,0.19934282584884994,2.5,16.106316,-0.061838222344405724,-0.07380811371039386,0.31376026315354777
601319,中国人保,unknown,0.1126331811263317,0.19001542710870267,0.15991237677984665,0.38116100766703176,2.8,8.533284,-0.05142762262994205,-0.31403222040625733,0.36768541092347284
601328,交通银行,unknown,-0.027818448023426146,-0.11455405936067753,0.778751369112815,0.5213581599123768,2.2675,42.957281,0.04887455931539453,0.031136686110673217,0.1832301176981031
601336,新华保险,unknown,0.14427684117125117,0.08848992507818476,0.06133625410733844,0.7228915662650602,5.53,30.145032,-0.3373750074845817,0.10523631417885082,0.45420005290273174
601360,三六零,unknown,-0.1266598569969355,-0.061215431924089514,0.9660460021905805,0.3614457831325301,0.37,70.701096,0.07895685692087784,-1.3999985356889217,0.3506844530073825
601377,兴业证券,unknown,0.06335616438356162,-0.03632762408663004,0.3778751369112815,0.29244249726177435,1.32,45.007707,0.13437351874109882,0.5216791808185939,0.29472042875194154
601390,中国中铁,unknown,-0.08315565031982952,-0.2136118511768118,0.36801752464403065,0.0065717415115005475,1.36,7.928366,-0.05445019305951704,-0.2765424218177267,0.24216767725333463
601398,工商银行,unknown,-0.02997275204359673,-0.09812963324050616,0.8225629791894852,0.687842278203724,2.2075,44.266614,0.08269807401280227,0.03309330291363666,0.19075203787436742
601456,国联民生,unknown,0.03096330275229353,-0.3233536061076989,0.013143483023001095,0.013143483023001095,0.94,33.868361,0.18805264293512747,0.3206508256689413,0.2821227504018064
601600,中国铝业,unknown,-0.20599250936329583,-0.03801837296916177,0.08433734939759036,0.39430449069003287,7.11,25.827609,0.048488062760914996,0.5634647468046143,0.5671349579664867
601601,中国太保,unknown,-0.032206119162640934,0.016059663000035362,0.009857612267250822,0.0887185104052574,3.2,11.059245,-0.012484394506866447,0.04300405110626371,0.37749394069533787
601607,上海医药,unknown,0.011685116851168464,0.2648063478871405,0.14895947426067907,0.02628696604600219,1.85,10.752998,0.06358191914604339,0.06352747551258386,0.18715332763786505
601618,中国中冶,unknown,-0.07272727272727275,-0.03656060905323211,0.9539978094194962,0.007667031763417305,1.59,8.600831,-0.24591412799699508,0.015869776494114696,0.2031346584030964
601628,中国人寿,unknown,0.18159658744667895,0.0059451418532561195,0.10186199342825848,0.34501642935377874,3.27,20.934495,-0.15326247764960022,-0.32279008402194287,0.3921191458967066
601633,长城汽车,unknown,-0.05794504181600946,-0.2314777707011325,0.007667031763417305,0.0065717415115005475,1.07,18.452004,0.12719586921875314,-0.46010176030432415,0.2733940736999943
601658,邮储银行,unknown,0.0040322580645162365,-0.27047262950426587,0.7447973713033954,0.10733844468784227,2.4275,28.76188,0.07608294260488124,0.01901291293670293,0.16493106404295524
601668,中国建筑,unknown,-0.040254237288135486,-0.09796781746668459,0.8302300109529025,0.009857612267250822,2.77,7.926848,-0.07845581438743343,-0.07531783889270505,0.14792254446999764
601669,中国电建,unknown,-0.07471264367816088,-0.3248946467716257,0.5136911281489595,0.02190580503833516,1.31,10.176367,0.017352832767029813,-0.25557561786410143,0.3356310333310503
601688,华泰证券,unknown,0.13050397877984077,-0.16497111786064467,0.583789704271632,0.7995618838992333,2.61,56.348928,0.41481144614172316,0.31794540183203757,0.3618236796820568
601689,拓普集团,unknown,-0.10926470588235293,0.4201126417214456,0.3932092004381161,0.23986856516976998,2.27,19.256242,0.14921172384375714,-0.02417112219972506,0.5507864878142227
601698,中国卫通,unknown,-0.06224585548952133,0.008827863819375947,0.8422782037239869,0.9025191675794085,0.1682,19.037802,0.007069116033984413,-0.6189679168124507,0.5380246657126838
601727,上海电气,unknown,-0.11862244897959184,-0.21974583529121872,0.6166484118291348,0.6659364731653888,0.69,18.356684,0.09319770284616968,0.30153370350223563,0.41942013224175234
601728,中国电信,unknown,-0.07475083056478393,-0.18737738964118378,0.3557800224466891,0.31874298540965207,1.58,28.123671,-0.023157508457848586,-0.17081240941886633,0.3374725289481419
601766,中国中车,unknown,-0.03886925795052998,-0.02736241223299507,0.007667031763417305,0.007667031763417305,1.94,23.813953,0.10574623980210918,0.10655527484869842,0.19623485106451227
601788,光大证券,unknown,0.11496746203904551,0.1708280476779771,0.13910186199342825,0.11938663745892661,1.74,49.72509,0.2310068939221075,0.4234494978328158,0.3005586772259056
601800,中国交建,unknown,-0.05095541401273884,-0.2819412881051553,0.6823658269441402,0.007667031763417305,1.37,10.159579,0.008419482100580522,-0.24954934199478584,0.21441530175341467
601816,京沪高铁,unknown,-0.06060606060606055,-0.2028840311785306,0.01095290251916758,0.01095290251916758,1.51,45.818868,0.032863316356492644,0.06029549131113465,0.18888120278815915
601818,光大银行,unknown,-0.022364217252396124,-0.009059964972329415,0.6538882803943045,0.05805038335158817,1.995,45.89293,-0.03853593664994259,-0.08063222079589216,0.1531207077800736
601825,沪农商行,unknown,-0.0745562130177514,0.22071970959218112,0.49887892376681614,0.3834080717488789,2.765,66.879158,0.012313689873792999,0.007252179329268804,0.24419304010104545
601838,成都银行,unknown,-0.018382352941176405,-0.21668978974706476,0.6593647316538883,0.3778751369112815,3.5,59.70367,0.06542798987787446,0.04808494899195792,0.22563804863565987
601857,中国石油,unknown,-0.1191860465116279,-0.14815227612718507,0.6626506024096386,0.6407447973713034,3.0,22.924076,-0.022140451706114783,0.01858798735511069,0.3005462258556213
601868,中国能建,unknown,-0.08996539792387548,-0.336773760863033,0.9380733944954128,0.4782110091743119,1.246,10.797012,0.016413615408834792,-0.09752760633799451,0.45398871031481974
601872,招商轮船,unknown,0.1945945945945946,-0.008256015305855402,0.8214676889375685,0.9594742606790799,6.28,41.793716,0.5291773001206375,2.193070304187576,0.6489530788528122
601877,正泰电器,unknown,-0.07308970099667778,-0.1369606535580441,0.18838992332968238,0.29244249726177435,2.82,20.676328,0.46326062685158864,0.08918288415389153,0.3462840506118093
601878,浙商证券,unknown,0.07472527472527468,0.030108520879059464,0.04600219058050383,0.03943044906900329,2.02,43.471174,0.4081602778750193,0.3520165672113251,0.2886012642569929
601881,中国银河,unknown,0.11735537190082646,0.22371478268995904,0.2913472070098576,0.3329682365826944,2.53,55.150152,0.15662194699402843,0.10092091237115164,0.34665622019099995
601888,中国中免,unknown,-0.07307692307692304,-0.22906746851202409,0.1982475355969332,0.002190580503833516,4.16,33.631758,0.009552812448886616,0.21180288339946052,0.32938049411515247
601898,中煤能源,unknown,-0.20308788598574823,0.14752833338264515,0.7634173055859803,0.6670317634173056,2.37,25.509379,-0.10947389642860961,-0.03186567635895965,0.5045533405323076
601899,紫金矿业,unknown,-0.03150684931506842,0.07228711174800528,0.08105147864184009,0.592552026286966,10.35,36.325753,0.24793769675474597,0.9750006633739421,0.514869298338417
601901,方正证券,unknown,0.11042944785276076,0.03937701559760143,0.033953997809419496,0.05147864184008762,2.88,54.731855,0.14695238896077245,0.2434651359363187,0.2791768931676091
601916,浙商银行,unknown,-0.03728813559322042,0.10815234699196852,0.8225629791894852,0.029572836801752465,3.315,47.603257,0.00496930722011113,0.007228105563960252,0.19200036697795636
601919,中远海控,unknown,-0.037190082644628086,-0.19395216196150145,0.8663745892661555,0.312157721796276,2.51,17.241117,-0.10634056175085238,-0.49746292864804964,0.23909608570781055
601939,建设银行,unknown,-0.05381604696673192,-0.14177596043465845,0.9233296823658269,0.8882803943044907,2.4625,47.021149,0.11146419740095759,0.035272522225288316,0.19342603188987453
601985,中国核电,unknown,-0.014460511679644128,-0.1517356702800131,0.8619934282584885,0.2059145673603505,1.73,39.501801,-0.0664854773008009,-0.34191281406826446,0.19003484374488663
601988,中国银行,unknown,-0.06776859504132238,-0.12343179539253368,0.8444687842278203,0.7721796276013143,2.115,41.800767,0.08438176427432409,0.04170038996394676,0.2157520893275003
601995,中金公司,unknown,0.15294117647058836,0.29074279198492925,0.040525739320920046,0.2617743702081051,3.35,50.580742,0.5426139123898579,0.7519470039139868,0.27815866104438003
601998,中信银行,unknown,-0.005571030640668551,-0.06524973026701975,0.6998904709748083,0.5772179627601315,2.7775,43.104173,0.05233868017176646,0.03019119380798596,0.22933521629947182
603019,中科曙光,unknown,0.14799077333980826,0.486488226904344,0.9069003285870756,0.8981380065717415,1.02,26.557524,0.237100491766558,0.22186116316175397,0.5419491249096766
603259,药明康德,unknown,0.2735086992543496,0.3170570010486766,0.27491785323110624,0.5125958378970427,5.68,50.402592,0.2880681350545131,0.2667667359492536,0.43259835999414115
603260,合盛硅业,unknown,0.16336368505623988,-0.05007638218139854,0.11829134720700986,0.1303395399780942,0.26,19.084514,-0.04249167277405952,-0.7021392510986619,0.5756722366287844
603288,海天味业,unknown,0.03307276007215876,-0.04628551112013701,0.014238773274917854,0.014238773274917854,5.97,41.995545,0.08565783192708798,0.10968251711789789,0.23097363079257127
603296,华勤技术,unknown,-0.06267281105990785,-0.12417403532965499,0.731203007518797,0.8505639097744361,4.03,8.539906,0.1642393349874236,0.25961488109935704,0.6157608632835839
603369,今世缘,unknown,-0.013497878904743632,0.1364889124995643,0.060240963855421686,0.01642935377875137,8.03,74.400313,-0.15230407799301737,-0.1576146310081551,0.39221628657573687
603392,万泰生物,unknown,-0.1437927954748437,-0.08715459483592902,0.35706462212486306,0.01095290251916758,-0.36,69.857803,0.3063205737945791,-0.18555670142685787,0.46623746242837516
603501,豪威集团,unknown,0.016878079463256146,0.6669985958421407,0.32749178532311063,0.018619934282584884,1.56,29.380635,-0.008972203852339544,-0.4192071575462485,0.5110993537061466
603799,华友钴业,unknown,-0.06104883907125713,-0.1650502309482086,0.050383351588170866,0.3209200438116101,5.05,20.685805,0.4462378543185055,0.9944574669527941,0.49070104684388827
603893,瑞芯微,unknown,0.016683022571148287,0.1717318340370726,0.13362541073384446,0.5914567360350493,7.23,43.042024,0.3621520262379383,0.5714890563532458,0.49584143854152757
603986,兆易创新,unknown,0.34075819672131136,0.07932229204121355,0.8685651697699891,0.9923329682365827,6.12,57.076718,1.1937867583680521,5.227881381914544,0.8290261062985564
603993,洛阳钼业,unknown,0.006597031335898729,-0.17899298174979084,0.31653888280394304,0.8608981380065718,9.06,22.884939,0.4433616810727994,0.9665496191262919,0.646247082931338
605117,德业股份,unknown,-0.08378610237346285,-0.11396001685507773,0.5290251916757941,0.5027382256297919,10.87,41.446767,0.7376755192225697,0.6836578908958162,0.6060351658400155
605499,东鹏饮料,unknown,-0.04829228365205729,0.17896627953631783,0.012048192771084338,0.012048192771084338,8.42,46.88969,0.2145548209913255,0.2830719615108246,0.42797680351510975
688008,澜起科技,unknown,0.12235264630936982,0.13465735032260073,0.9726177437020811,0.9748083242059146,5.39,69.78822,0.19514563386019068,0.6130464033993444,0.9011226066729506
688009,中国通号,unknown,-0.015936254980079556,-0.09737653781609468,0.24863088718510407,0.06571741511500548,1.04,27.424558,-0.035356413851931445,-0.07162797272812327,0.20003298324230365
688012,中微公司,unknown,0.5217391304347827,0.15113139782576024,0.9726177437020811,0.9726177437020811,4.0,39.892564,0.3412853769759474,1.9720199782070367,0.6871463472001369
688036,传音控股,unknown,0.0,0.32473863682260307,0.6473165388828039,0.07228915662650602,3.35,22.004668,0.24579536327278317,0.42904909923434054,0.4560750784011379
688041,海光信息,unknown,0.23754243784908557,-0.10362864423867746,0.9908707865168539,0.9908707865168539,2.99,55.603983,0.6805592058147492,0.35817794136999015,0.7529771331770966
688047,龙芯中科,unknown,0.029761904761904656,0.07208977898802993,0.25865580448065173,0.879837067209776,-4.65,34.870788,0.07962261537195658,-0.24662924263259467,0.5351982226697338
688072,拓荆科技,unknown,0.23763480847898855,-0.1331893187681279,0.8751625487646294,1.0,8.25,41.689075,0.5696734185625845,-4.88291766570018,0.8010440398720279
688082,盛美上海,unknown,0.4860557768924303,0.014791133703643045,0.8557919621749409,0.9302600472813238,0.77,45.637953,0.13062232831729736,-0.5766364866721703,0.8905744972904007
688111,金山办公,unknown,-0.10768570201803351,0.09815853890467685,0.0032858707557502738,0.0032858707557502738,15.7,86.593651,0.23954024902969362,4.449659523721703,0.49007359847803833
688126,沪硅产业,unknown,0.2148122148122149,-0.1140036791205764,0.2289156626506024,0.8948521358159912,-2.87,-11.846601,0.3521677446834064,1.3166627750841,0.987902371657241
688183,生益电子,unknown,0.02401357658039882,-0.2682132268839147,0.579408543263965,0.9649507119386638,7.47,35.205505,0.5262092922163832,1.221559998920275,0.9478695111507472
688223,晶科能源,unknown,-0.17472118959107796,-0.010767597722962985,0.26633785450061653,0.05795314426633785,-5.4,6.156302,-0.11523848402689496,-0.028485362538130055,0.49971911431850424
688256,寒武纪,unknown,0.05430264778325111,-0.07034659589954484,0.8762322015334063,0.9550930996714129,8.2,54.330376,1.5955547349373238,1.8503872248538205,0.7985552391349897
688271,联影医疗,unknown,-0.05514250309789348,0.10205087035944271,0.06294200848656294,0.016973125884016973,1.83,47.161431,0.17337627999668848,0.07778559659533313,0.39844118530642864
688303,大全能源,unknown,-0.16952474277315044,-0.42758245046798193,0.13796909492273732,0.04194260485651214,-2.08,-120.761483,-0.7921883973208286,0.4351097319506576,0.6539484370485968
688396,华润微,unknown,0.2929065223925458,-0.022055396854217868,0.9978094194961665,0.9003285870755751,1.4254,25.484978,0.21340131018804187,2.9655888777373605,0.7191473688622676
688472,阿特斯,unknown,-0.1082969432314409,-0.10403512894259981,0.6999109528049866,0.14069456812110417,2.21,20.40881,-0.16959979977429895,9.990995906166596,0.45768272305340063
688506,百利天恒,unknown,0.5544773658674456,0.3529497470595635,0.1534847298355521,0.46123727486296007,-12.6,54.149966,0.40253343562970256,0.4574807965188741,0.6724548428988315
688521,芯原股份,unknown,0.3294404973357017,0.029900953104691652,0.12267250821467689,0.9923329682365827,-10.38,32.294832,1.1447345915095886,0.5468712515067049,0.9270720095683742
688981,中芯国际,unknown,0.1302197802197802,0.024505612783464192,0.9824753559693319,0.9956188389923329,0.9,21.475859,0.08073898148497483,0.0035646510475724202,0.7139490443088072
